DateTime,Uptime(ms),SensorRead(us),BlynkTransmit(ms),TotalLatency(ms)
2026-01-06 21:07:17,timestamp,sensorReadUs,blynkTransmitMs,totalLatencyMs
2026-01-06 21:07:40,24789,1856233,140,1996
2026-01-06 21:07:42,26823,1855998,140,1995
2026-01-06 21:07:44,28853,1852731,140,1992
2026-01-06 21:07:46,30887,1857711,139,1996
2026-01-06 21:07:48,32922,1857535,140,1997
2026-01-06 21:07:50,34954,1854527,140,1994
2026-01-06 21:07:52,36988,1855998,140,1995
2026-01-06 21:07:54,39023,1857452,140,1997
2026-01-06 21:07:56,41057,1856388,140,1996
2026-01-06 21:07:58,43091,1856710,140,1996
2026-01-06 21:08:00,45125,1856674,140,1996
2026-01-06 21:08:02,47160,1856165,141,1997
2026-01-06 21:08:04,49196,1857442,140,1997
2026-01-06 21:08:06,51228,1854463,140,1994
2026-01-06 21:08:08,53261,1855492,140,1995
2026-01-06 21:08:10,55295,1855518,141,1996
2026-01-06 21:08:12,57329,1855990,140,1995
2026-01-06 21:08:14,59364,1856645,141,1997
2026-01-06 21:08:16,61398,1855661,141,1996
2026-01-06 21:08:18,63433,1857496,140,1997
2026-01-06 21:08:20,65468,1857496,140,1997
2026-01-06 21:08:22,67504,1858119,140,1998
2026-01-06 21:08:24,69536,1854545,139,1993
2026-01-06 21:08:26,71572,1857536,141,1998
2026-01-06 21:08:28,73607,1857650,140,1997
2026-01-06 21:08:30,75645,1857680,142,1999
2026-01-06 21:08:33,77680,1856327,140,1996
2026-01-06 21:08:35,79717,1859515,140,1999
2026-01-06 21:08:37,81750,1856515,139,1995
2026-01-06 21:08:39,83784,1856501,140,1996
2026-01-06 21:08:41,85817,1855525,140,1995
2026-01-06 21:08:43,87852,1857088,140,1997
2026-01-06 21:08:45,89885,1855743,140,1995
2026-01-06 21:08:47,91919,1856698,140,1996
2026-01-06 21:08:49,93955,1858574,140,1998
2026-01-06 21:08:51,95992,1858486,141,1999
2026-01-06 21:08:53,98025,1855132,140,1995
2026-01-06 21:08:55,100059,1856526,140,1996
2026-01-06 21:08:57,102092,1855479,140,1995
2026-01-06 21:08:59,104126,1856661,140,1996
2026-01-06 21:09:01,106161,1857726,140,1997
2026-01-06 21:09:03,108197,1857311,140,1997
2026-01-06 21:09:05,110234,1858465,140,1998
2026-01-06 21:09:07,112271,1857502,141,1998
2026-01-06 21:09:09,114305,1856649,140,1996
2026-01-06 21:09:11,116339,1856491,139,1995
2026-01-06 21:09:13,118373,1856166,140,1996
2026-01-06 21:09:15,120409,1857589,141,1998
2026-01-06 21:09:17,122446,1858709,140,1998
2026-01-06 21:09:19,124478,1854702,140,1994
2026-01-06 21:09:21,126514,1857548,141,1998
2026-01-06 21:09:23,128549,1856135,140,1996
2026-01-06 21:09:25,130583,1856505,140,1996
2026-01-06 21:09:27,132617,1855486,140,1995
2026-01-06 21:09:30,134652,1856467,141,1997
2026-01-06 21:09:32,136688,1858794,140,1998
2026-01-06 21:09:34,138724,1857164,141,1998
2026-01-06 21:09:36,140759,1856686,140,1996
2026-01-06 21:09:38,142795,1858496,140,1998
2026-01-06 21:09:40,144829,1855537,141,1996
2026-01-06 21:09:42,146864,1857485,140,1997
2026-01-06 21:09:44,148900,1858129,140,1998
2026-01-06 21:09:46,150934,1856510,140,1996
2026-01-06 21:09:48,152967,1855630,140,1995
2026-01-06 21:09:50,155001,1854756,142,1996
2026-01-06 21:09:52,157037,1857571,141,1998
2026-01-06 21:09:54,159073,1857141,141,1998
2026-01-06 21:09:56,161107,1856521,140,1996
2026-01-06 21:09:58,163141,1856438,140,1996
2026-01-06 21:10:00,165175,1856492,140,1996
2026-01-06 21:10:02,167209,1855487,141,1996
2026-01-06 21:10:04,169245,1857274,141,1998
2026-01-06 21:10:06,171282,1857700,142,1999
2026-01-06 21:10:08,173318,1857647,141,1998
2026-01-06 21:10:10,175353,1856488,140,1996
2026-01-06 21:10:12,177387,1856548,140,1996
2026-01-06 21:10:14,179421,1856077,140,1996
2026-01-06 21:10:16,181454,1855326,140,1995
2026-01-06 21:10:18,183487,1855459,140,1995
2026-01-06 21:10:20,185522,1856636,141,1997
2026-01-06 21:10:22,187557,1856705,141,1997
2026-01-06 21:10:24,189592,1856208,140,1996
2026-01-06 21:10:26,191627,1856480,141,1997
2026-01-06 21:10:29,193660,1855459,140,1995
2026-01-06 21:10:31,195693,1855540,140,1995
2026-01-06 21:10:33,197728,1856512,141,1997
2026-01-06 21:10:35,199761,1855904,140,1995
2026-01-06 21:10:37,201796,1856733,141,1997
2026-01-06 21:10:39,203831,1857681,140,1997
2026-01-06 21:10:41,205866,1857479,140,1997
2026-01-06 21:10:43,207900,1856521,140,1996
2026-01-06 21:10:45,209934,1856092,140,1996
2026-01-06 21:10:47,211968,1856382,140,1996
2026-01-06 21:10:49,214002,1856487,139,1995
2026-01-06 21:10:51,216036,1856502,140,1996
2026-01-06 21:10:53,218072,1857708,140,1997
2026-01-06 21:10:55,220108,1857037,140,1997
2026-01-06 21:10:57,222143,1856501,140,1996
2026-01-06 21:10:59,224179,1857503,140,1997
2026-01-06 21:11:01,226212,1855492,140,1995
2026-01-06 21:11:03,228246,1856462,140,1996
2026-01-06 21:11:05,230281,1857015,140,1997
2026-01-06 21:11:07,232316,1856721,140,1996
2026-01-06 21:11:09,234352,1857690,141,1998
2026-01-06 21:11:11,236387,1857581,140,1997
2026-01-06 21:11:13,238422,1855548,142,1997
2026-01-06 21:11:15,240457,1857084,140,1997
2026-01-06 21:11:17,242491,1856490,140,1996
2026-01-06 21:11:19,244525,1856527,140,1996
2026-01-06 21:11:21,246559,1856608,140,1996
2026-01-06 21:11:23,248593,1856662,140,1996
2026-01-06 21:11:25,250629,1857308,140,1997
2026-01-06 21:11:28,252664,1857540,140,1997
2026-01-06 21:11:30,254697,1855520,140,1995
2026-01-06 21:11:32,256731,1856481,140,1996
2026-01-06 21:11:34,258763,1854484,140,1994
2026-01-06 21:11:36,260797,1855121,140,1995
2026-01-06 21:11:38,262831,1856681,140,1996
2026-01-06 21:11:40,264867,1857700,140,1997
2026-01-06 21:11:42,266905,1859566,141,2000
2026-01-06 21:11:44,268939,1856466,140,1996
2026-01-06 21:11:46,270974,1856056,141,1997
2026-01-06 21:11:48,273008,1856519,140,1996
2026-01-06 21:11:50,275041,1855508,140,1995
2026-01-06 21:11:52,277076,1857306,140,1997
2026-01-06 21:11:54,279111,1856757,140,1996
2026-01-06 21:11:56,281147,1857288,141,1998
2026-01-06 21:11:58,283182,1857548,140,1997
2026-01-06 21:12:00,285217,1857483,139,1996
2026-01-06 21:12:02,287251,1856529,140,1996
2026-01-06 21:12:04,289285,1856470,140,1996
2026-01-06 21:12:06,291319,1856127,139,1995
2026-01-06 21:12:08,293353,1856671,140,1996
2026-01-06 21:12:10,295387,1856660,140,1996
2026-01-06 21:12:12,297423,1857691,141,1998
2026-01-06 21:12:14,299458,1856460,141,1997
2026-01-06 21:12:16,301493,1856094,141,1997
2026-01-06 21:12:18,303527,1856400,140,1996
2026-01-06 21:12:20,305561,1856505,140,1996
2026-01-06 21:12:22,307594,1855544,140,1995
2026-01-06 21:12:24,309628,1856690,140,1996
2026-01-06 21:12:27,311666,1857353,142,1999
2026-01-06 21:12:29,313702,1857647,141,1998
2026-01-06 21:12:31,315738,1857479,140,1997
2026-01-06 21:12:33,317775,1858470,141,1999
2026-01-06 21:12:35,319810,1857502,140,1997
2026-01-06 21:12:37,321844,1856135,140,1996
2026-01-06 21:12:39,323879,1856548,141,1997
2026-01-06 21:12:41,325913,1856583,140,1996
2026-01-06 21:12:43,327948,1856677,141,1997
2026-01-06 21:12:45,329982,1856726,140,1996
2026-01-06 21:12:47,332017,1856128,141,1997
2026-01-06 21:12:49,334052,1857477,140,1997
2026-01-06 21:12:51,336085,1855528,140,1995
2026-01-06 21:12:53,338119,1856527,140,1996
2026-01-06 21:12:55,340154,1857466,140,1997
2026-01-06 21:12:57,342189,1856273,141,1997
2026-01-06 21:12:59,344225,1857715,140,1997
2026-01-06 21:13:01,346260,1857544,140,1997
2026-01-06 21:13:03,348295,1856466,140,1996
2026-01-06 21:13:05,350331,1857473,141,1998
2026-01-06 21:13:07,352365,1856085,139,1995
2026-01-06 21:13:09,354400,1856494,141,1997
2026-01-06 21:13:11,356434,1855788,141,1996
2026-01-06 21:13:13,358468,1856685,140,1996
2026-01-06 21:13:15,360503,1856696,141,1997
2026-01-06 21:13:17,362541,1859180,141,2000
2026-01-06 21:13:19,364578,1858481,140,1998
2026-01-06 21:13:21,366612,1856477,140,1996
2026-01-06 21:13:24,368646,1856422,140,1996
2026-01-06 21:13:26,370681,1856500,141,1997
2026-01-06 21:13:28,372714,1855606,140,1995
2026-01-06 21:13:30,374748,1856658,140,1996
2026-01-06 21:13:32,376783,1856675,141,1997
2026-01-06 21:13:34,378817,1856557,140,1996
2026-01-06 21:13:36,380850,1854540,141,1995
2026-01-06 21:13:38,382884,1856145,140,1996
2026-01-06 21:13:40,384917,1855481,140,1995
2026-01-06 21:13:42,386949,1854463,140,1994
2026-01-06 21:13:44,388981,1854716,140,1994
2026-01-06 21:13:46,391015,1855702,141,1996
2026-01-06 21:13:48,393050,1856132,141,1997
2026-01-06 21:13:50,395086,1856462,141,1997
2026-01-06 21:13:52,397119,1855484,140,1995
2026-01-06 21:13:54,399152,1855486,140,1995
2026-01-06 21:13:56,401187,1856395,141,1997
2026-01-06 21:13:58,403220,1856081,138,1994
2026-01-06 21:14:00,405256,1856602,142,1998
2026-01-06 21:14:02,407292,1857740,140,1997
2026-01-06 21:14:04,409326,1855484,141,1996
2026-01-06 21:14:06,411358,1854498,140,1994
2026-01-06 21:14:08,413395,1858085,141,1999
2026-01-06 21:14:10,415428,1855438,140,1995
2026-01-06 21:14:12,417462,1855455,141,1996
2026-01-06 21:14:14,419496,1856704,140,1996
2026-01-06 21:14:16,421529,1856669,139,1995
2026-01-06 21:14:18,423563,1856085,140,1996
2026-01-06 21:14:20,425598,1855446,141,1996
2026-01-06 21:14:22,427632,1856509,140,1996
2026-01-06 21:14:25,429665,1855482,140,1995
2026-01-06 21:14:27,431697,1854415,140,1994
2026-01-06 21:14:29,433730,1855119,140,1995
2026-01-06 21:14:31,435763,1855667,140,1995
2026-01-06 21:14:33,437798,1856556,141,1997
2026-01-06 21:14:35,439832,1854500,142,1996
2026-01-06 21:14:37,441865,1855476,140,1995
2026-01-06 21:14:39,443899,1856153,140,1996
2026-01-06 21:14:41,445931,1854467,140,1994
2026-01-06 21:14:43,447963,1854724,140,1994
2026-01-06 21:14:45,449997,1855675,141,1996
2026-01-06 21:14:47,452031,1856544,140,1996
2026-01-06 21:14:49,454067,1856120,142,1998
2026-01-06 21:14:51,456101,1856466,140,1996
2026-01-06 21:14:53,458136,1857420,140,1997
2026-01-06 21:14:55,460170,1855467,141,1996
2026-01-06 21:14:57,462206,1857620,141,1998
2026-01-06 21:14:59,464241,1856338,140,1996
2026-01-06 21:15:01,466276,1856674,141,1997
2026-01-06 21:15:03,468310,1855594,141,1996
2026-01-06 21:15:05,470344,1855501,141,1996
2026-01-06 21:15:07,472379,1857531,139,1996
2026-01-06 21:15:09,474413,1856028,140,1996
2026-01-06 21:15:11,476446,1855536,140,1995
2026-01-06 21:15:13,478479,1856580,138,1994
2026-01-06 21:15:15,480513,1855690,140,1995
2026-01-06 21:15:17,482549,1858570,140,1998
2026-01-06 21:15:19,484584,1856145,141,1997
2026-01-06 21:15:22,486620,1856462,141,1997
2026-01-06 21:15:24,488654,1856527,140,1996
2026-01-06 21:15:26,490688,1854530,142,1996
2026-01-06 21:15:28,492720,1854654,140,1994
2026-01-06 21:15:30,494754,1855319,139,1994
2026-01-06 21:15:32,496788,1856740,140,1996
2026-01-06 21:15:34,498824,1858470,140,1998
2026-01-06 21:15:36,500856,1854548,140,1994
2026-01-06 21:15:38,502889,1855481,140,1995
2026-01-06 21:15:40,504923,1856114,140,1996
2026-01-06 21:15:42,506956,1855476,140,1995
2026-01-06 21:15:44,508991,1856690,141,1997
2026-01-06 21:15:46,511026,1856682,140,1996
2026-01-06 21:15:48,513060,1856513,140,1996
2026-01-06 21:15:50,515095,1856100,140,1996
2026-01-06 21:15:52,517132,1858456,141,1999
2026-01-06 21:15:54,519165,1855488,140,1995
2026-01-06 21:15:56,521199,1856490,140,1996
2026-01-06 21:15:58,523233,1856562,140,1996
2026-01-06 21:16:00,525266,1855325,140,1995
2026-01-06 21:16:02,527299,1854729,141,1995
2026-01-06 21:16:04,529332,1855497,140,1995
2026-01-06 21:16:06,531366,1856472,140,1996
2026-01-06 21:16:08,533400,1856413,140,1996
2026-01-06 21:16:10,535435,1856099,141,1997
2026-01-06 21:16:12,537469,1856685,140,1996
2026-01-06 21:16:14,539502,1854760,140,1994
2026-01-06 21:16:16,541534,1854680,140,1994
2026-01-06 21:16:18,543569,1857497,140,1997
2026-01-06 21:16:20,545602,1855137,140,1995
2026-01-06 21:16:23,547634,1854470,139,1993
2026-01-06 21:16:25,549668,1855499,141,1996
2026-01-06 21:16:27,551700,1854732,140,1994
2026-01-06 21:16:29,553734,1855689,140,1995
2026-01-06 21:16:31,555770,1857297,141,1998
2026-01-06 21:16:33,557804,1856587,140,1996
2026-01-06 21:16:35,559841,1857519,142,1999
2026-01-06 21:16:37,561874,1855499,140,1995
2026-01-06 21:16:39,563907,1855416,140,1995
2026-01-06 21:16:41,565941,1856153,140,1996
2026-01-06 21:16:43,567975,1856342,140,1996
2026-01-06 21:16:45,570010,1855685,142,1997
2026-01-06 21:16:47,572045,1856733,141,1997
2026-01-06 21:16:49,574080,1857540,140,1997
2026-01-06 21:16:51,576115,1857089,139,1996
2026-01-06 21:16:53,578149,1856465,140,1996
2026-01-06 21:16:55,580183,1856493,140,1996
2026-01-06 21:16:57,582216,1855558,140,1995
2026-01-06 21:16:59,584250,1856724,140,1996
2026-01-06 21:17:01,586286,1857334,141,1998
2026-01-06 21:17:03,588320,1855566,141,1996
2026-01-06 21:17:05,590354,1854489,142,1996
2026-01-06 21:17:07,592388,1856485,140,1996
2026-01-06 21:17:09,594421,1855514,140,1995
2026-01-06 21:17:11,596457,1856967,140,1996
2026-01-06 21:17:13,598491,1856577,140,1996
2026-01-06 21:17:15,600524,1855530,140,1995
2026-01-06 21:17:17,602558,1856713,140,1996
2026-01-06 21:17:19,604593,1856510,140,1996
2026-01-06 21:17:22,606628,1857167,140,1997
2026-01-06 21:17:24,608663,1856505,140,1996
2026-01-06 21:17:26,610697,1856371,140,1996
2026-01-06 21:17:28,612730,1855507,140,1995
2026-01-06 21:17:30,614764,1856557,140,1996
2026-01-06 21:17:32,616799,1856259,141,1997
2026-01-06 21:17:34,618833,1856565,140,1996
2026-01-06 21:17:36,620868,1855482,142,1997
2026-01-06 21:17:38,622901,1855482,140,1995
2026-01-06 21:17:40,624934,1855500,140,1995
2026-01-06 21:17:42,626966,1854240,140,1994
2026-01-06 21:17:44,629000,1856689,140,1996
2026-01-06 21:17:46,631034,1855680,141,1996
2026-01-06 21:17:48,633067,1854562,141,1995
2026-01-06 21:17:50,635102,1856470,141,1997
2026-01-06 21:17:52,637137,1856037,140,1996
2026-01-06 21:17:54,639171,1856474,140,1996
2026-01-06 21:17:56,641205,1856462,140,1996
2026-01-06 21:17:58,643239,1856653,140,1996
2026-01-06 21:18:00,645271,1854633,140,1994
2026-01-06 21:18:02,647307,1857289,141,1998
2026-01-06 21:18:04,649342,1857453,140,1997
2026-01-06 21:18:06,651379,1858495,141,1999
2026-01-06 21:18:08,653413,1856509,140,1996
2026-01-06 21:18:10,655448,1856508,141,1997
2026-01-06 21:18:12,657484,1857121,141,1998
2026-01-06 21:18:14,659518,1856530,140,1996
2026-01-06 21:18:16,661552,1856658,140,1996
2026-01-06 21:18:18,663588,1857598,141,1998
2026-01-06 21:18:21,665624,1857475,140,1997
2026-01-06 21:18:23,667658,1856119,140,1996
2026-01-06 21:18:25,669692,1855498,140,1995
2026-01-06 21:18:27,671726,1856446,140,1996
2026-01-06 21:18:29,673760,1856518,140,1996
2026-01-06 21:18:31,675794,1856716,140,1996
2026-01-06 21:18:33,677829,1856254,140,1996
2026-01-06 21:18:35,679864,1857587,140,1997
2026-01-06 21:18:37,681898,1856508,139,1995
2026-01-06 21:18:39,683934,1857524,140,1997
2026-01-06 21:18:41,685969,1857526,139,1996
2026-01-06 21:18:43,688004,1856017,141,1997
2026-01-06 21:18:45,690037,1855566,140,1995
2026-01-06 21:18:47,692071,1856695,140,1996
2026-01-06 21:18:49,694106,1856694,141,1997
2026-01-06 21:18:51,696141,1857540,140,1997
2026-01-06 21:18:53,698175,1856094,139,1995
2026-01-06 21:18:55,700209,1856527,140,1996
2026-01-06 21:18:57,702242,1855492,140,1995
2026-01-06 21:18:59,704276,1855473,141,1996
2026-01-06 21:19:01,706314,1859421,141,2000
2026-01-06 21:19:03,708346,1856289,138,1994
2026-01-06 21:19:05,710382,1857684,141,1998
2026-01-06 21:19:07,712418,1857515,141,1998
2026-01-06 21:19:09,714453,1857525,140,1997
2026-01-06 21:19:11,716486,1855501,140,1995
2026-01-06 21:19:13,718520,1856161,140,1996
2026-01-06 21:19:15,720553,1855455,140,1995
2026-01-06 21:19:17,722586,1855683,140,1995
2026-01-06 21:19:20,724621,1856738,140,1996
2026-01-06 21:19:22,726657,1857569,140,1997
2026-01-06 21:19:24,728693,1857124,141,1998
2026-01-06 21:19:26,730729,1857516,141,1998
2026-01-06 21:19:28,732762,1855468,140,1995
2026-01-06 21:19:30,734796,1856492,140,1996
2026-01-06 21:19:32,736830,1856494,140,1996
2026-01-06 21:19:34,738865,1856301,140,1996
2026-01-06 21:19:36,740899,1856721,140,1996
2026-01-06 21:19:38,742934,1856514,140,1996
2026-01-06 21:19:40,744969,1856492,141,1997
2026-01-06 21:19:42,747005,1858515,140,1998
2026-01-06 21:19:44,749039,1856162,140,1996
2026-01-06 21:19:46,751073,1856496,140,1996
2026-01-06 21:19:48,753108,1856594,141,1997
2026-01-06 21:19:50,755144,1857706,141,1998
2026-01-06 21:19:52,757180,1857582,141,1998
2026-01-06 21:19:54,759216,1857132,140,1997
2026-01-06 21:19:56,761252,1856438,142,1998
2026-01-06 21:19:58,763287,1857496,140,1997
2026-01-06 21:20:00,765321,1856503,140,1996
2026-01-06 21:20:02,767355,1856505,140,1996
2026-01-06 21:20:04,769390,1857270,140,1997
2026-01-06 21:20:06,771424,1856694,140,1996
2026-01-06 21:20:08,773460,1857710,141,1998
2026-01-06 21:20:10,775496,1857482,141,1998
2026-01-06 21:20:12,777531,1856562,141,1997
2026-01-06 21:20:14,779565,1856094,139,1995
2026-01-06 21:20:16,781599,1856563,138,1994
2026-01-06 21:20:19,783632,1855519,140,1995
2026-01-06 21:20:21,785666,1856602,140,1996
2026-01-06 21:20:23,787702,1856679,141,1997
2026-01-06 21:20:25,789737,1857298,139,1996
2026-01-06 21:20:27,791773,1857469,141,1998
2026-01-06 21:20:29,793807,1856520,140,1996
2026-01-06 21:20:31,795840,1855480,140,1995
2026-01-06 21:20:33,797874,1856478,140,1996
2026-01-06 21:20:35,799908,1856006,140,1996
2026-01-06 21:20:37,801942,1856674,140,1996
2026-01-06 21:20:39,803978,1857744,140,1997
2026-01-06 21:20:41,806013,1857517,140,1997
2026-01-06 21:20:43,808048,1856585,140,1996
2026-01-06 21:20:45,810083,1857111,140,1997
2026-01-06 21:20:47,812117,1856486,140,1996
2026-01-06 21:20:49,814151,1856488,140,1996
2026-01-06 21:20:51,816185,1856664,139,1995
2026-01-06 21:20:53,818219,1856724,140,1996
2026-01-06 21:20:55,820255,1857360,140,1997
2026-01-06 21:20:57,822290,1857474,140,1997
2026-01-06 21:20:59,824325,1856504,141,1997
2026-01-06 21:21:01,826359,1856523,140,1996
2026-01-06 21:21:03,828393,1856493,140,1996
2026-01-06 21:21:05,830429,1857098,140,1997
2026-01-06 21:21:07,832463,1856928,140,1996
2026-01-06 21:21:09,834497,1856679,140,1996
2026-01-06 21:21:11,836531,1856728,140,1996
2026-01-06 21:21:13,838565,1856536,140,1996
2026-01-06 21:21:15,840600,1857081,139,1996
2026-01-06 21:21:18,842634,1856522,140,1996
2026-01-06 21:21:20,844669,1856519,141,1997
2026-01-06 21:21:22,846702,1855672,140,1995
2026-01-06 21:21:24,848736,1856654,140,1996
2026-01-06 21:21:26,850771,1857300,140,1997
2026-01-06 21:21:28,852807,1857585,141,1998
2026-01-06 21:21:30,854842,1856464,141,1997
2026-01-06 21:21:32,856875,1855487,140,1995
2026-01-06 21:21:34,858909,1856438,140,1996
2026-01-06 21:21:36,860943,1856092,140,1996
2026-01-06 21:21:38,862977,1856612,140,1996
2026-01-06 21:21:40,865011,1856732,140,1996
2026-01-06 21:21:42,867046,1857687,140,1997
2026-01-06 21:21:44,869080,1856514,140,1996
2026-01-06 21:21:46,871115,1857105,140,1997
2026-01-06 21:21:48,873149,1856519,140,1996
2026-01-06 21:21:50,875185,1858502,140,1998
2026-01-06 21:21:52,877218,1855540,140,1995
2026-01-06 21:21:54,879252,1856694,140,1996
2026-01-06 21:21:56,881289,1858276,140,1998
2026-01-06 21:21:58,883325,1857565,141,1998
2026-01-06 21:22:00,885360,1856475,141,1997
2026-01-06 21:22:02,887395,1857502,140,1997
2026-01-06 21:22:04,889429,1856414,140,1996
2026-01-06 21:22:06,891464,1856094,141,1997
2026-01-06 21:22:08,893495,1853979,140,1993
2026-01-06 21:22:10,895530,1856737,140,1996
2026-01-06 21:22:12,897565,1857731,140,1997
2026-01-06 21:22:14,899599,1856584,140,1996
2026-01-06 21:22:17,901636,1858089,141,1999
2026-01-06 21:22:19,903670,1856431,140,1996
2026-01-06 21:22:21,905704,1856544,140,1996
2026-01-06 21:22:23,907737,1855486,140,1995
2026-01-06 21:22:25,909771,1856444,140,1996
2026-01-06 21:22:27,911806,1856345,141,1997
2026-01-06 21:22:29,913842,1857700,141,1998
2026-01-06 21:22:31,915877,1857527,140,1997
2026-01-06 21:22:33,917911,1856505,139,1995
2026-01-06 21:22:35,919946,1857377,140,1997
2026-01-06 21:22:37,921980,1856153,140,1996
2026-01-06 21:22:39,924014,1856513,140,1996
2026-01-06 21:22:41,926048,1856687,140,1996
2026-01-06 21:22:43,928082,1856679,140,1996
2026-01-06 21:22:45,930116,1857645,139,1996
2026-01-06 21:22:47,932151,1856100,140,1996
2026-01-06 21:22:49,934186,1857495,140,1997
2026-01-06 21:22:51,936220,1856469,140,1996
2026-01-06 21:22:53,938254,1856477,140,1996
2026-01-06 21:22:55,940288,1856621,140,1996
2026-01-06 21:22:57,942323,1856250,141,1997
2026-01-06 21:22:59,944359,1857663,141,1998
2026-01-06 21:23:01,946394,1857566,140,1997
2026-01-06 21:23:03,948429,1856456,141,1997
2026-01-06 21:23:05,950466,1858483,140,1998
2026-01-06 21:23:07,952501,1857083,140,1997
2026-01-06 21:23:09,954536,1857472,140,1997
2026-01-06 21:23:11,956570,1856581,140,1996
2026-01-06 21:23:13,958604,1856674,140,1996
2026-01-06 21:23:16,960639,1856635,141,1997
2026-01-06 21:23:18,962676,1858089,140,1998
2026-01-06 21:23:20,964712,1856488,142,1998
2026-01-06 21:23:22,966747,1857507,140,1997
2026-01-06 21:23:24,968781,1856473,140,1996
2026-01-06 21:23:26,970817,1857395,141,1998
2026-01-06 21:23:28,972852,1857128,140,1997
2026-01-06 21:23:30,974887,1856754,140,1996
2026-01-06 21:23:32,976922,1856694,141,1997
2026-01-06 21:23:34,978957,1857609,140,1997
2026-01-06 21:23:36,980993,1856492,142,1998
2026-01-06 21:23:38,983028,1857089,140,1997
2026-01-06 21:23:40,985062,1856482,140,1996
2026-01-06 21:23:42,987096,1856501,140,1996
2026-01-06 21:23:44,989130,1856598,140,1996
2026-01-06 21:23:46,991164,1856656,140,1996
2026-01-06 21:23:48,993200,1857263,141,1998
2026-01-06 21:23:50,995236,1857482,140,1997
2026-01-06 21:23:52,997272,1856510,142,1998
2026-01-06 21:23:54,999310,1858461,142,2000
2026-01-06 21:23:56,1001346,1858427,139,1997
2026-01-06 21:23:58,1003382,1856153,142,1998
2026-01-06 21:24:00,1005416,1856896,140,1996
2026-01-06 21:24:02,1007450,1856734,140,1996
2026-01-06 21:24:04,1009486,1857669,141,1998
2026-01-06 21:24:06,1011522,1857589,140,1997
2026-01-06 21:24:08,1013557,1857098,140,1997
2026-01-06 21:24:10,1015590,1855530,140,1995
2026-01-06 21:24:13,1017624,1856472,140,1996
2026-01-06 21:24:15,1019657,1855518,140,1995
2026-01-06 21:24:17,1021691,1856661,140,1996
2026-01-06 21:24:19,1023725,1856304,140,1996
2026-01-06 21:24:21,1025761,1857712,141,1998
2026-01-06 21:24:23,1027798,1858486,141,1999
2026-01-06 21:24:25,1029833,1856514,140,1996
2026-01-06 21:24:27,1031866,1855534,140,1995
2026-01-06 21:24:29,1033900,1855985,140,1995
2026-01-06 21:24:31,1035934,1856470,140,1996
2026-01-06 21:24:33,1037968,1856630,140,1996
2026-01-06 21:24:35,1040005,1856714,142,1998
2026-01-06 21:24:37,1042041,1857683,141,1998
2026-01-06 21:24:39,1044076,1857157,140,1997
2026-01-06 21:24:41,1046109,1856568,138,1994
2026-01-06 21:24:43,1048146,1858475,141,1999
2026-01-06 21:24:45,1050179,1855445,140,1995
2026-01-06 21:24:47,1052213,1856540,140,1996
2026-01-06 21:24:49,1054247,1856273,140,1996
2026-01-06 21:24:51,1056282,1856680,140,1996
2026-01-06 21:24:53,1058317,1857610,140,1997
2026-01-06 21:24:55,1060352,1856489,141,1997
2026-01-06 21:24:57,1062388,1857534,141,1998
2026-01-06 21:24:59,1064422,1856131,140,1996
2026-01-06 21:25:01,1066459,1858431,140,1998
2026-01-06 21:25:03,1068492,1855870,140,1995
2026-01-06 21:25:05,1070527,1857722,140,1997
2026-01-06 21:25:07,1072562,1856675,140,1996
2026-01-06 21:25:09,1074598,1857149,140,1997
2026-01-06 21:25:12,1076632,1856565,139,1995
2026-01-06 21:25:14,1078666,1856482,139,1995
2026-01-06 21:25:16,1080700,1856467,140,1996
2026-01-06 21:25:18,1082734,1856548,140,1996
2026-01-06 21:25:20,1084768,1856278,140,1996
2026-01-06 21:25:22,1086802,1856683,140,1996
2026-01-06 21:25:24,1088838,1857650,141,1998
2026-01-06 21:25:26,1090874,1857508,141,1998
2026-01-06 21:25:28,1092909,1856479,141,1997
2026-01-06 21:25:30,1094944,1857069,140,1997
2026-01-06 21:25:32,1096981,1858445,141,1999
2026-01-06 21:25:34,1099015,1856433,140,1996
2026-01-06 21:25:36,1101049,1856620,140,1996
2026-01-06 21:25:38,1103083,1856654,140,1996
2026-01-06 21:25:40,1105119,1857318,141,1998
2026-01-06 21:25:42,1107155,1858540,140,1998
2026-01-06 21:25:44,1109191,1856490,142,1998
2026-01-06 21:25:46,1111226,1857496,140,1997
2026-01-06 21:25:48,1113260,1856450,140,1996
2026-01-06 21:25:50,1115294,1856123,140,1996
2026-01-06 21:25:52,1117328,1856613,140,1996
2026-01-06 21:25:54,1119362,1856733,140,1996
2026-01-06 21:25:56,1121398,1857570,141,1998
2026-01-06 21:25:58,1123433,1857536,140,1997
2026-01-06 21:26:00,1125466,1855121,139,1994
2026-01-06 21:26:02,1127500,1856470,140,1996
2026-01-06 21:26:04,1129534,1856418,140,1996
2026-01-06 21:26:06,1131568,1856521,140,1996
2026-01-06 21:26:08,1133603,1857685,139,1996
2026-01-06 21:26:11,1135639,1857238,140,1997
2026-01-06 21:26:13,1137675,1857566,141,1998
2026-01-06 21:26:15,1139709,1856504,140,1996
2026-01-06 21:26:17,1141745,1857516,140,1997
2026-01-06 21:26:19,1143780,1856497,141,1997
2026-01-06 21:26:21,1145817,1858115,141,1999
2026-01-06 21:26:23,1147851,1856469,140,1996
2026-01-06 21:26:25,1149886,1857659,140,1997
2026-01-06 21:26:27,1151923,1857769,142,1999
2026-01-06 21:26:29,1153958,1857658,140,1997
2026-01-06 21:26:31,1155993,1857033,140,1997
2026-01-06 21:26:33,1158028,1857510,139,1996
2026-01-06 21:26:35,1160062,1856482,140,1996
2026-01-06 21:26:37,1162096,1856482,140,1996
2026-01-06 21:26:39,1164130,1856486,140,1996
2026-01-06 21:26:41,1166164,1856284,140,1996
2026-01-06 21:26:43,1168199,1857701,140,1997
2026-01-06 21:26:45,1170235,1857533,141,1998
2026-01-06 21:26:47,1172270,1856464,141,1997
2026-01-06 21:26:49,1174306,1857517,140,1997
2026-01-06 21:26:51,1176340,1856149,140,1996
2026-01-06 21:26:53,1178373,1855513,140,1995
2026-01-06 21:26:55,1180407,1856355,140,1996
2026-01-06 21:26:57,1182442,1856688,140,1996
2026-01-06 21:26:59,1184477,1856709,141,1997
2026-01-06 21:27:01,1186513,1857101,141,1998
2026-01-06 21:27:03,1188549,1856483,142,1998
2026-01-06 21:27:05,1190582,1855515,140,1995
2026-01-06 21:27:08,1192616,1856411,140,1996
2026-01-06 21:27:10,1194652,1857468,141,1998
2026-01-06 21:27:12,1196686,1856171,140,1996
2026-01-06 21:27:14,1198720,1856729,140,1996
2026-01-06 21:27:16,1200755,1857738,140,1997
2026-01-06 21:27:18,1202792,1858495,140,1998
2026-01-06 21:27:20,1204827,1856496,141,1997
2026-01-06 21:27:22,1206862,1857111,140,1997
2026-01-06 21:27:24,1208895,1855518,140,1995
2026-01-06 21:27:26,1210930,1856483,141,1997
2026-01-06 21:27:28,1212964,1856758,140,1996
2026-01-06 21:27:30,1214999,1857719,140,1997
2026-01-06 21:27:32,1217036,1858315,141,1999
2026-01-06 21:27:34,1219072,1857465,140,1997
2026-01-06 21:27:36,1221107,1856506,141,1997
2026-01-06 21:27:38,1223141,1856499,140,1996
2026-01-06 21:27:40,1225175,1856490,140,1996
2026-01-06 21:27:42,1227209,1856114,140,1996
2026-01-06 21:27:44,1229243,1856562,140,1996
2026-01-06 21:27:46,1231279,1856751,142,1998
2026-01-06 21:27:48,1233315,1857671,141,1998
2026-01-06 21:27:50,1235350,1857566,140,1997
2026-01-06 21:27:52,1237385,1857094,140,1997
2026-01-06 21:27:54,1239419,1856500,140,1996
2026-01-06 21:27:56,1241455,1857437,141,1998
2026-01-06 21:27:58,1243493,1860486,140,2000
2026-01-06 21:28:00,1245527,1856397,140,1996
2026-01-06 21:28:02,1247561,1856345,140,1996
2026-01-06 21:28:04,1249597,1857683,140,1997
2026-01-06 21:28:07,1251633,1857530,141,1998
2026-01-06 21:28:09,1253666,1856561,139,1995
2026-01-06 21:28:11,1255700,1856478,140,1996
2026-01-06 21:28:13,1257735,1857141,140,1997
2026-01-06 21:28:15,1259769,1856475,140,1996
2026-01-06 21:28:17,1261804,1857737,140,1997
2026-01-06 21:28:19,1263841,1856651,142,1998
2026-01-06 21:28:21,1265874,1855673,140,1995
2026-01-06 21:28:23,1267909,1856067,141,1997
2026-01-06 21:28:25,1269944,1857478,140,1997
2026-01-06 21:28:27,1271978,1856461,140,1996
2026-01-06 21:28:29,1274013,1856476,141,1997
2026-01-06 21:28:31,1276046,1855785,140,1995
2026-01-06 21:28:33,1278081,1857357,140,1997
2026-01-06 21:28:35,1280116,1856700,140,1996
2026-01-06 21:28:37,1282151,1857650,140,1997
2026-01-06 21:28:39,1284186,1856571,141,1997
2026-01-06 21:28:41,1286221,1856548,141,1997
2026-01-06 21:28:43,1288255,1856130,140,1996
2026-01-06 21:28:45,1290291,1858544,140,1998
2026-01-06 21:28:47,1292329,1859409,141,2000
2026-01-06 21:28:49,1294365,1857656,141,1998
2026-01-06 21:28:51,1296400,1856701,140,1996
2026-01-06 21:28:53,1298437,1858126,141,1999
2026-01-06 21:28:55,1300471,1856532,140,1996
2026-01-06 21:28:57,1302506,1857484,140,1997
2026-01-06 21:28:59,1304540,1856458,140,1996
2026-01-06 21:29:01,1306575,1856482,141,1997
2026-01-06 21:29:04,1308608,1855536,140,1995
2026-01-06 21:29:06,1310643,1856782,140,1996
2026-01-06 21:29:08,1312678,1856683,141,1997
2026-01-06 21:29:10,1314713,1857594,140,1997
2026-01-06 21:29:12,1316748,1856461,140,1996
2026-01-06 21:29:14,1318783,1857101,140,1997
2026-01-06 21:29:16,1320818,1857516,140,1997
2026-01-06 21:29:18,1322852,1856540,140,1996
2026-01-06 21:29:20,1324886,1856648,140,1996
2026-01-06 21:29:22,1326920,1856637,140,1996
2026-01-06 21:29:24,1328955,1856348,140,1996
2026-01-06 21:29:26,1330991,1857523,141,1998
2026-01-06 21:29:28,1333026,1856492,141,1997
2026-01-06 21:29:30,1335060,1856478,140,1996
2026-01-06 21:29:32,1337094,1856513,140,1996
2026-01-06 21:29:34,1339130,1858109,140,1998
2026-01-06 21:29:36,1341166,1857611,141,1998
2026-01-06 21:29:38,1343200,1856647,140,1996
2026-01-06 21:29:40,1345236,1857637,141,1998
2026-01-06 21:29:42,1347271,1856482,141,1997
2026-01-06 21:29:44,1349307,1856126,141,1997
2026-01-06 21:29:46,1351342,1857487,140,1997
2026-01-06 21:29:48,1353376,1856457,140,1996
2026-01-06 21:29:50,1355410,1856482,140,1996
2026-01-06 21:29:52,1357443,1855548,140,1995
2026-01-06 21:29:54,1359478,1856376,141,1997
2026-01-06 21:29:56,1361513,1857695,140,1997
2026-01-06 21:29:58,1363547,1856540,140,1996
2026-01-06 21:30:00,1365582,1857481,139,1996
2026-01-06 21:30:03,1367617,1856483,141,1997
2026-01-06 21:30:05,1369651,1856151,140,1996
2026-01-06 21:30:07,1371685,1856457,140,1996
2026-01-06 21:30:09,1373719,1856687,140,1996
2026-01-06 21:30:11,1375753,1856690,140,1996
2026-01-06 21:30:13,1377788,1856552,140,1996
2026-01-06 21:30:15,1379823,1856078,141,1997
2026-01-06 21:30:17,1381858,1857497,140,1997
2026-01-06 21:30:19,1383892,1856524,140,1996
2026-01-06 21:30:21,1385925,1855488,140,1995
2026-01-06 21:30:23,1387959,1856615,140,1996
2026-01-06 21:30:25,1389998,1859341,141,2000
2026-01-06 21:30:27,1392033,1856651,141,1997
2026-01-06 21:30:29,1394069,1857566,141,1998
2026-01-06 21:30:31,1396104,1856509,141,1997
2026-01-06 21:30:33,1398139,1857485,140,1997
2026-01-06 21:30:35,1400173,1856161,140,1996
2026-01-06 21:30:37,1402206,1855491,140,1995
2026-01-06 21:30:39,1404240,1856639,140,1996
2026-01-06 21:30:41,1406274,1856669,140,1996
2026-01-06 21:30:43,1408310,1857691,140,1997
2026-01-06 21:30:45,1410346,1857077,140,1997
2026-01-06 21:30:47,1412380,1856517,140,1996
2026-01-06 21:30:49,1414413,1855468,140,1995
2026-01-06 21:30:51,1416447,1856504,140,1996
2026-01-06 21:30:53,1418481,1856519,140,1996
2026-01-06 21:30:55,1420515,1856225,140,1996
2026-01-06 21:30:57,1422550,1856713,141,1997
2026-01-06 21:30:59,1424585,1857604,140,1997
2026-01-06 21:31:02,1426620,1856492,140,1996
2026-01-06 21:31:04,1428656,1857523,141,1998
2026-01-06 21:31:06,1430690,1856192,140,1996
2026-01-06 21:31:08,1432726,1856506,142,1998
2026-01-06 21:31:10,1434759,1855904,140,1995
2026-01-06 21:31:12,1436794,1856732,141,1997
2026-01-06 21:31:14,1438831,1858743,140,1998
2026-01-06 21:31:16,1440867,1857122,140,1997
2026-01-06 21:31:18,1442901,1856470,140,1996
2026-01-06 21:31:20,1444937,1857471,141,1998
2026-01-06 21:31:22,1446971,1856502,140,1996
2026-01-06 21:31:24,1449007,1856493,142,1998
2026-01-06 21:31:26,1451041,1856708,140,1996
2026-01-06 21:31:28,1453075,1856696,140,1996
2026-01-06 21:31:30,1455108,1854729,141,1995
2026-01-06 21:31:32,1457144,1857561,141,1998
2026-01-06 21:31:34,1459180,1856515,142,1998
2026-01-06 21:31:36,1461215,1857145,140,1997
2026-01-06 21:31:38,1463249,1856493,140,1996
2026-01-06 21:31:40,1465283,1856536,140,1996
2026-01-06 21:31:42,1467317,1856652,140,1996
2026-01-06 21:31:44,1469351,1856688,140,1996
2026-01-06 21:31:46,1471387,1857328,140,1997
2026-01-06 21:31:48,1473421,1856520,140,1996
2026-01-06 21:31:50,1475457,1857335,141,1998
2026-01-06 21:31:52,1477491,1856493,140,1996
2026-01-06 21:31:54,1479525,1856497,139,1995
2026-01-06 21:31:56,1481559,1856010,140,1996
2026-01-06 21:31:59,1483593,1856574,140,1996
2026-01-06 21:32:01,1485629,1856740,141,1997
2026-01-06 21:32:03,1487665,1857712,140,1997
2026-01-06 21:32:05,1489700,1857480,140,1997
2026-01-06 21:32:07,1491736,1858096,140,1998
2026-01-06 21:32:09,1493770,1856474,140,1996
2026-01-06 21:32:11,1495804,1856495,140,1996
2026-01-06 21:32:13,1497838,1856481,140,1996
2026-01-06 21:32:15,1499871,1855704,140,1995
2026-01-06 21:32:17,1501906,1857297,140,1997
2026-01-06 21:32:19,1503943,1858435,141,1999
2026-01-06 21:32:21,1505977,1856447,140,1996
2026-01-06 21:32:23,1508013,1857536,141,1998
2026-01-06 21:32:25,1510047,1856495,140,1996
2026-01-06 21:32:27,1512082,1856161,140,1996
2026-01-06 21:32:29,1514116,1856459,140,1996
2026-01-06 21:32:31,1516150,1856689,140,1996
2026-01-06 21:32:33,1518185,1857690,140,1997
2026-01-06 21:32:35,1520221,1858580,140,1998
2026-01-06 21:32:37,1522256,1856060,140,1996
2026-01-06 21:32:39,1524292,1857493,141,1998
2026-01-06 21:32:41,1526326,1856494,140,1996
2026-01-06 21:32:43,1528360,1856489,140,1996
2026-01-06 21:32:45,1530394,1856612,140,1996
2026-01-06 21:32:47,1532430,1856322,140,1996
2026-01-06 21:32:49,1534464,1856690,140,1996
2026-01-06 21:32:51,1536500,1857482,141,1998
2026-01-06 21:32:53,1538537,1858394,140,1998
2026-01-06 21:32:55,1540573,1857506,141,1998
2026-01-06 21:32:58,1542607,1856083,139,1995
2026-01-06 21:33:00,1544641,1856468,140,1996
2026-01-06 21:33:02,1546675,1856636,140,1996
2026-01-06 21:33:04,1548711,1857805,140,1997
2026-01-06 21:33:06,1550745,1856680,140,1996
2026-01-06 21:33:08,1552782,1858189,141,1999
2026-01-06 21:33:10,1554817,1856470,141,1997
2026-01-06 21:33:12,1556852,1857533,140,1997
2026-01-06 21:33:14,1558886,1856506,140,1996
2026-01-06 21:33:16,1560919,1855544,140,1995
2026-01-06 21:33:18,1562953,1856254,140,1996
2026-01-06 21:33:20,1564986,1855725,140,1995
2026-01-06 21:33:22,1567021,1857680,140,1997
2026-01-06 21:33:24,1569056,1856468,141,1997
2026-01-06 21:33:26,1571091,1857496,139,1996
2026-01-06 21:33:28,1573125,1856067,139,1995
2026-01-06 21:33:30,1575160,1856454,141,1997
2026-01-06 21:33:32,1577194,1857128,140,1997
2026-01-06 21:33:34,1579228,1856628,140,1996
2026-01-06 21:33:36,1581262,1856668,139,1995
2026-01-06 21:33:38,1583298,1857137,141,1998
2026-01-06 21:33:40,1585335,1858497,140,1998
2026-01-06 21:33:42,1587370,1857466,140,1997
2026-01-06 21:33:44,1589404,1856502,140,1996
2026-01-06 21:33:46,1591439,1856504,141,1997
2026-01-06 21:33:48,1593473,1856571,140,1996
2026-01-06 21:33:50,1595508,1857672,140,1997
2026-01-06 21:33:53,1597543,1856677,140,1996
2026-01-06 21:33:55,1599579,1857590,140,1997
2026-01-06 21:33:57,1601614,1856479,140,1996
2026-01-06 21:33:59,1603650,1857132,140,1997
2026-01-06 21:34:01,1605684,1856457,140,1996
2026-01-06 21:34:03,1607720,1856580,142,1998
2026-01-06 21:34:05,1609753,1856143,140,1996
2026-01-06 21:34:07,1611787,1856704,140,1996
2026-01-06 21:34:09,1613823,1857267,141,1998
2026-01-06 21:34:11,1615858,1856573,140,1996
2026-01-06 21:34:13,1617893,1856530,140,1996
2026-01-06 21:34:15,1619928,1857523,140,1997
2026-01-06 21:34:17,1621962,1856489,140,1996
2026-01-06 21:34:19,1623996,1856089,140,1996
2026-01-06 21:34:21,1626030,1856592,140,1996
2026-01-06 21:34:23,1628064,1856671,140,1996
2026-01-06 21:34:25,1630100,1857681,141,1998
2026-01-06 21:34:27,1632135,1857532,140,1997
2026-01-06 21:34:29,1634173,1858085,141,1999
2026-01-06 21:34:31,1636208,1857443,140,1997
2026-01-06 21:34:33,1638242,1856540,140,1996
2026-01-06 21:34:35,1640276,1856467,140,1996
2026-01-06 21:34:37,1642310,1856631,140,1996
2026-01-06 21:34:39,1644344,1855340,141,1996
2026-01-06 21:34:41,1646380,1857673,140,1997
2026-01-06 21:34:43,1648416,1857510,141,1998
2026-01-06 21:34:45,1650451,1856481,141,1997
2026-01-06 21:34:47,1652485,1856510,140,1996
2026-01-06 21:34:49,1654519,1856077,140,1996
2026-01-06 21:34:51,1656555,1857487,141,1998
2026-01-06 21:34:54,1658588,1855941,140,1995
2026-01-06 21:34:56,1660623,1857694,140,1997
2026-01-06 21:34:58,1662659,1857708,141,1998
2026-01-06 21:35:00,1664695,1857094,141,1998
2026-01-06 21:35:02,1666730,1857540,140,1997
2026-01-06 21:35:04,1668764,1856458,140,1996
2026-01-06 21:35:06,1670798,1856506,140,1996
2026-01-06 21:35:08,1672833,1857505,140,1997
2026-01-06 21:35:10,1674866,1856296,139,1995
2026-01-06 21:35:12,1676904,1857565,142,1999
2026-01-06 21:35:14,1678940,1857648,141,1998
2026-01-06 21:35:16,1680974,1856416,140,1996
2026-01-06 21:35:18,1683010,1858445,140,1998
2026-01-06 21:35:20,1685046,1858041,140,1998
2026-01-06 21:35:22,1687081,1857531,140,1997
2026-01-06 21:35:24,1689117,1858519,140,1998
2026-01-06 21:35:26,1691153,1858601,140,1998
2026-01-06 21:35:28,1693221,1857690,173,2030
2026-01-06 21:35:30,1695290,1857033,173,2030
2026-01-06 21:35:32,1697324,1856019,139,1995
2026-01-06 21:35:34,1699358,1855887,140,1995
2026-01-06 21:35:36,1701392,1856019,139,1995
2026-01-06 21:35:38,1703426,1856058,140,1996
2026-01-06 21:35:40,1705463,1857702,140,1997
2026-01-06 21:35:42,1707500,1857846,140,1997
2026-01-06 21:35:44,1709536,1855878,142,1997
2026-01-06 21:35:46,1711570,1855836,140,1995
2026-01-06 21:35:49,1713605,1855870,140,1995
2026-01-06 21:35:51,1715640,1855464,140,1995
2026-01-06 21:35:53,1717674,1856049,140,1996
2026-01-06 21:35:55,1719711,1858142,140,1998
2026-01-06 21:35:57,1721747,1857097,141,1998
2026-01-06 21:35:59,1723782,1856915,139,1995
2026-01-06 21:36:01,1725819,1857461,140,1997
2026-01-06 21:36:03,1727855,1856868,141,1997
2026-01-06 21:36:05,1729889,1855877,139,1994
2026-01-06 21:36:07,1731925,1855854,141,1996
2026-01-06 21:36:09,1733959,1856141,140,1996
2026-01-06 21:36:11,1735994,1855692,141,1996
2026-01-06 21:36:13,1738029,1857068,139,1996
2026-01-06 21:36:15,1740065,1856946,140,1996
2026-01-06 21:36:17,1742101,1857870,140,1997
2026-01-06 21:36:19,1744138,1857853,140,1997
2026-01-06 21:36:21,1746174,1856379,140,1996
2026-01-06 21:36:23,1748209,1856792,139,1995
2026-01-06 21:36:25,1750244,1856780,139,1995
2026-01-06 21:36:27,1752279,1856883,139,1995
2026-01-06 21:36:29,1754315,1856112,142,1998
2026-01-06 21:36:31,1756352,1857640,140,1997
2026-01-06 21:36:33,1758389,1857817,140,1997
2026-01-06 21:36:35,1760421,1853816,139,1992
2026-01-06 21:36:37,1762456,1856710,140,1996
2026-01-06 21:36:39,1764490,1855795,140,1995
2026-01-06 21:36:41,1766525,1856457,140,1996
2026-01-06 21:36:43,1768561,1856627,140,1996
2026-01-06 21:36:46,1770596,1857028,140,1997
2026-01-06 21:36:48,1772632,1857015,140,1997
2026-01-06 21:36:50,1774668,1856829,140,1996
2026-01-06 21:36:52,1776705,1857420,140,1997
2026-01-06 21:36:54,1778742,1858781,140,1998
2026-01-06 21:36:56,1780778,1856802,140,1996
2026-01-06 21:36:58,1782813,1856817,140,1996
2026-01-06 21:37:00,1784848,1856293,139,1995
2026-01-06 21:37:02,1786883,1856621,139,1995
2026-01-06 21:37:04,1788919,1857008,140,1997
2026-01-06 21:37:06,1790956,1857951,140,1997
2026-01-06 21:37:08,1792994,1858825,140,1998
2026-01-06 21:37:10,1795065,1858825,173,2031
2026-01-06 21:37:12,1797102,1858022,140,1998
2026-01-06 21:37:14,1799137,1856427,140,1996
2026-01-06 21:37:16,1801171,1855407,140,1995
2026-01-06 21:37:18,1803206,1856359,140,1996
2026-01-06 21:37:20,1805242,1857464,140,1997
2026-01-06 21:37:22,1807277,1856065,140,1996
2026-01-06 21:37:24,1809312,1856610,140,1996
2026-01-06 21:37:26,1811349,1857704,141,1998
2026-01-06 21:37:28,1813385,1857654,140,1997
2026-01-06 21:37:30,1815421,1857447,140,1997
2026-01-06 21:37:32,1817458,1856843,141,1997
2026-01-06 21:37:34,1819494,1857392,140,1997
2026-01-06 21:37:36,1821529,1856448,140,1996
2026-01-06 21:37:38,1823564,1856448,140,1996
2026-01-06 21:37:41,1825599,1856605,140,1996
2026-01-06 21:37:43,1827631,1854219,140,1994
2026-01-06 21:37:45,1829667,1857664,140,1997
2026-01-06 21:37:47,1831703,1857412,140,1997
2026-01-06 21:37:49,1833739,1856484,141,1997
2026-01-06 21:37:51,1835775,1857486,140,1997
2026-01-06 21:37:53,1837810,1855995,140,1995
2026-01-06 21:37:55,1839847,1858450,140,1998
2026-01-06 21:37:57,1841882,1856375,140,1996
2026-01-06 21:37:59,1843919,1858646,140,1998
2026-01-06 21:38:01,1845955,1857619,140,1997
2026-01-06 21:38:03,1847992,1858136,140,1998
2026-01-06 21:38:05,1850028,1857404,140,1997
2026-01-06 21:38:07,1852063,1857408,139,1996
2026-01-06 21:38:09,1854098,1856384,140,1996
2026-01-06 21:38:11,1856134,1857440,140,1997
2026-01-06 21:38:13,1858169,1856022,140,1996
2026-01-06 21:38:15,1860205,1857632,140,1997
2026-01-06 21:38:17,1862240,1857621,140,1997
2026-01-06 21:38:19,1864276,1857633,140,1997
2026-01-06 21:38:21,1866312,1857462,140,1997
2026-01-06 21:38:23,1868349,1857017,141,1998
2026-01-06 21:38:25,1870386,1858426,140,1998
2026-01-06 21:38:27,1872421,1856430,140,1996
2026-01-06 21:38:29,1874456,1856332,140,1996
2026-01-06 21:38:31,1876491,1856500,140,1996
2026-01-06 21:38:33,1878527,1856365,140,1996
2026-01-06 21:38:35,1880563,1857658,140,1997
2026-01-06 21:38:38,1882599,1857526,140,1997
2026-01-06 21:38:40,1884634,1856416,140,1996
2026-01-06 21:38:42,1886670,1857420,140,1997
2026-01-06 21:38:44,1888705,1855998,140,1995
2026-01-06 21:38:46,1890740,1856437,140,1996
2026-01-06 21:38:48,1892776,1857236,140,1997
2026-01-06 21:38:50,1894811,1856450,140,1996
2026-01-06 21:38:52,1896849,1858619,141,1999
2026-01-06 21:38:54,1898886,1858258,140,1998
2026-01-06 21:38:56,1900922,1857356,140,1997
2026-01-06 21:38:58,1902960,1858486,141,1999
2026-01-06 21:39:00,1904996,1857387,140,1997
2026-01-06 21:39:02,1907031,1856435,140,1996
2026-01-06 21:39:04,1909070,1858059,142,2000
2026-01-06 21:39:06,1911105,1856970,140,1996
2026-01-06 21:39:08,1913141,1857500,140,1997
2026-01-06 21:39:10,1915178,1856587,142,1998
2026-01-06 21:39:12,1917214,1857522,140,1997
2026-01-06 21:39:14,1919251,1858038,140,1998
2026-01-06 21:39:16,1921289,1857504,142,1999
2026-01-06 21:39:18,1923325,1857376,140,1997
2026-01-06 21:39:20,1925360,1856446,140,1996
2026-01-06 21:39:22,1927395,1856424,140,1996
2026-01-06 21:39:24,1929432,1858932,140,1998
2026-01-06 21:39:26,1931467,1856596,140,1996
2026-01-06 21:39:28,1933503,1857595,140,1997
2026-01-06 21:39:30,1935538,1857434,139,1996
2026-01-06 21:39:33,1937573,1857420,139,1996
2026-01-06 21:39:35,1939610,1857073,141,1998
2026-01-06 21:39:37,1941648,1859428,140,1999
2026-01-06 21:39:39,1943683,1856317,140,1996
2026-01-06 21:39:41,1945717,1856406,139,1995
2026-01-06 21:39:43,1947753,1857412,140,1997
2026-01-06 21:39:45,1949788,1857216,140,1997
2026-01-06 21:39:47,1951823,1857613,139,1996
2026-01-06 21:39:49,1953859,1857412,140,1997
2026-01-06 21:39:51,1955894,1857428,139,1996
2026-01-06 21:39:53,1957930,1857423,140,1997
2026-01-06 21:39:55,1959967,1858041,140,1998
2026-01-06 21:39:57,1962002,1856472,140,1996
2026-01-06 21:39:59,1964038,1857536,140,1997
2026-01-06 21:40:01,1966073,1856610,140,1996
2026-01-06 21:40:03,1968109,1857658,140,1997
2026-01-06 21:40:05,1970146,1858100,140,1998
2026-01-06 21:40:07,1972182,1856460,141,1997
2026-01-06 21:40:09,1974218,1857457,140,1997
2026-01-06 21:40:11,1976253,1856374,140,1996
2026-01-06 21:40:13,1978289,1856400,141,1997
2026-01-06 21:40:15,1980325,1857666,140,1997
2026-01-06 21:40:17,1982361,1857639,140,1997
2026-01-06 21:40:19,1984398,1856629,142,1998
2026-01-06 21:40:21,1986435,1858626,140,1998
2026-01-06 21:40:23,1988471,1857431,140,1997
2026-01-06 21:40:25,1990511,1859010,142,2001
2026-01-06 21:40:27,1992547,1857407,140,1997
2026-01-06 21:40:30,1994582,1856417,140,1996
2026-01-06 21:40:32,1996617,1856289,141,1997
2026-01-06 21:40:34,1998653,1857482,140,1997
2026-01-06 21:40:36,2000687,1855073,140,1995
2026-01-06 21:40:38,2002722,1856476,140,1996
2026-01-06 21:40:40,2004758,1857494,140,1997
2026-01-06 21:40:42,2006795,1858352,140,1998
2026-01-06 21:40:44,2008830,1857501,139,1996
2026-01-06 21:40:46,2010866,1856966,140,1996
2026-01-06 21:40:48,2012901,1856353,140,1996
2026-01-06 21:40:50,2014937,1857440,140,1997
2026-01-06 21:40:52,2016973,1858246,139,1997
2026-01-06 21:40:54,2019007,1856504,140,1996
2026-01-06 21:40:56,2021044,1858272,140,1998
2026-01-06 21:40:58,2023078,1855417,140,1995
2026-01-06 21:41:00,2025116,1858443,141,1999
2026-01-06 21:41:02,2027154,1859412,140,1999
2026-01-06 21:41:04,2029189,1856392,140,1996
2026-01-06 21:41:06,2031225,1856912,140,1996
2026-01-06 21:41:08,2033260,1856591,140,1996
2026-01-06 21:41:10,2035295,1856605,140,1996
2026-01-06 21:41:12,2037331,1857600,140,1997
2026-01-06 21:41:14,2039367,1857513,140,1997
2026-01-06 21:41:16,2041405,1858022,141,1999
2026-01-06 21:41:18,2043441,1858420,139,1997
2026-01-06 21:41:20,2045477,1857422,140,1997
2026-01-06 21:41:22,2047512,1856382,140,1996
2026-01-06 21:41:24,2049549,1858480,140,1998
2026-01-06 21:41:27,2051584,1856149,140,1996
2026-01-06 21:41:29,2053618,1856639,140,1996
2026-01-06 21:41:31,2055654,1857573,140,1997
2026-01-06 21:41:33,2057691,1858451,140,1998
2026-01-06 21:41:35,2059726,1856414,140,1996
2026-01-06 21:41:37,2061762,1857000,140,1997
2026-01-06 21:41:39,2063797,1856406,140,1996
2026-01-06 21:41:41,2065833,1857418,140,1997
2026-01-06 21:41:43,2067868,1856541,140,1996
2026-01-06 21:41:45,2069904,1856738,140,1996
2026-01-06 21:41:47,2071940,1857164,140,1997
2026-01-06 21:41:49,2073976,1857489,140,1997
2026-01-06 21:41:51,2076011,1856415,140,1996
2026-01-06 21:41:53,2078045,1855416,140,1995
2026-01-06 21:41:55,2080081,1857432,140,1997
2026-01-06 21:41:57,2082118,1857022,141,1998
2026-01-06 21:41:59,2084152,1856282,140,1996
2026-01-06 21:42:01,2086186,1856667,140,1996
2026-01-06 21:42:03,2088226,1859618,142,2001
2026-01-06 21:42:05,2090262,1857584,140,1997
2026-01-06 21:42:07,2092299,1858046,140,1998
2026-01-06 21:42:09,2094333,1856452,139,1995
2026-01-06 21:42:11,2096368,1856369,140,1996
2026-01-06 21:42:13,2098403,1856440,140,1996
2026-01-06 21:42:15,2100437,1855435,140,1995
2026-01-06 21:42:17,2102474,1857889,140,1997
2026-01-06 21:42:19,2104508,1856650,140,1996
2026-01-06 21:42:21,2106544,1857632,140,1997
2026-01-06 21:42:24,2108580,1857409,140,1997
2026-01-06 21:42:26,2110613,1855431,139,1994
2026-01-06 21:42:28,2112648,1856022,140,1996
2026-01-06 21:42:30,2114684,1857421,140,1997
2026-01-06 21:42:32,2116718,1855425,140,1995
2026-01-06 21:42:34,2118755,1858303,140,1998
2026-01-06 21:42:36,2120789,1856470,140,1996
2026-01-06 21:42:38,2122826,1858247,140,1998
2026-01-06 21:42:40,2124862,1857496,140,1997
2026-01-06 21:42:42,2126897,1856413,140,1996
2026-01-06 21:42:44,2128932,1856426,140,1996
2026-01-06 21:42:46,2130968,1857442,140,1997
2026-01-06 21:42:48,2133003,1856013,140,1996
2026-01-06 21:42:50,2135039,1857563,140,1997
2026-01-06 21:42:52,2137076,1858685,140,1998
2026-01-06 21:42:54,2139112,1857567,140,1997
2026-01-06 21:42:56,2141148,1857464,140,1997
2026-01-06 21:42:58,2143184,1857061,140,1997
2026-01-06 21:43:00,2145220,1857416,140,1997
2026-01-06 21:43:02,2147255,1856452,140,1996
2026-01-06 21:43:04,2149289,1855478,140,1995
2026-01-06 21:43:06,2151323,1855454,140,1995
2026-01-06 21:43:08,2153358,1856225,140,1996
2026-01-06 21:43:10,2155394,1857596,140,1997
2026-01-06 21:43:12,2157430,1857456,140,1997
2026-01-06 21:43:14,2159466,1857450,140,1997
2026-01-06 21:43:16,2161501,1857379,139,1996
2026-01-06 21:43:18,2163537,1857038,140,1997
2026-01-06 21:43:21,2165572,1856352,140,1996
2026-01-06 21:43:23,2167608,1857465,140,1997
2026-01-06 21:43:25,2169641,1854528,140,1994
2026-01-06 21:43:27,2171678,1857498,141,1998
2026-01-06 21:43:29,2173714,1857261,140,1997
2026-01-06 21:43:31,2175750,1857439,140,1997
2026-01-06 21:43:33,2177785,1857399,139,1996
2026-01-06 21:43:35,2179820,1856456,140,1996
2026-01-06 21:43:37,2181855,1856512,140,1996
2026-01-06 21:43:39,2183891,1856001,141,1997
2026-01-06 21:43:41,2185927,1857723,140,1997
2026-01-06 21:43:43,2187962,1856572,140,1996
2026-01-06 21:43:45,2189998,1857569,140,1997
2026-01-06 21:43:47,2192034,1857468,140,1997
2026-01-06 21:43:49,2194071,1857008,141,1998
2026-01-06 21:43:51,2196107,1857432,140,1997
2026-01-06 21:43:53,2198142,1856335,140,1996
2026-01-06 21:43:55,2200179,1857481,141,1998
2026-01-06 21:43:57,2202215,1857416,140,1997
2026-01-06 21:43:59,2204250,1856206,140,1996
2026-01-06 21:44:01,2206285,1856593,140,1996
2026-01-06 21:44:03,2208321,1857540,140,1997
2026-01-06 21:44:05,2210355,1855423,140,1995
2026-01-06 21:44:07,2212391,1857459,140,1997
2026-01-06 21:44:09,2214427,1856962,140,1996
2026-01-06 21:44:11,2216463,1857450,140,1997
2026-01-06 21:44:13,2218498,1856441,140,1996
2026-01-06 21:44:15,2220533,1856614,140,1996
2026-01-06 21:44:18,2222569,1857647,141,1998
2026-01-06 21:44:20,2224605,1857263,140,1997
2026-01-06 21:44:22,2226642,1858394,140,1998
2026-01-06 21:44:24,2228677,1856408,140,1996
2026-01-06 21:44:26,2230713,1857465,140,1997
2026-01-06 21:44:28,2232748,1856484,140,1996
2026-01-06 21:44:30,2234785,1858057,140,1998
2026-01-06 21:44:32,2236820,1856500,140,1996
2026-01-06 21:44:34,2238856,1856629,140,1996
2026-01-06 21:44:36,2240892,1857583,140,1997
2026-01-06 21:44:38,2242928,1857500,140,1997
2026-01-06 21:44:40,2244964,1856962,140,1996
2026-01-06 21:44:42,2247001,1857440,141,1998
2026-01-06 21:44:44,2249036,1856440,140,1996
2026-01-06 21:44:46,2251070,1855406,140,1995
2026-01-06 21:44:48,2253105,1856388,140,1996
2026-01-06 21:44:50,2255141,1857109,140,1997
2026-01-06 21:44:52,2257176,1856640,140,1996
2026-01-06 21:44:54,2259211,1856512,140,1996
2026-01-06 21:44:56,2261248,1858412,140,1998
2026-01-06 21:44:58,2263283,1857431,139,1996
2026-01-06 21:45:00,2265319,1856970,140,1996
2026-01-06 21:45:02,2267354,1856406,140,1996
2026-01-06 21:45:04,2269391,1857465,141,1998
2026-01-06 21:45:06,2271428,1858521,140,1998
2026-01-06 21:45:08,2273465,1858727,140,1998
2026-01-06 21:45:10,2275502,1858240,140,1998
2026-01-06 21:45:12,2277538,1857536,140,1997
2026-01-06 21:45:15,2279573,1856472,140,1996
2026-01-06 21:45:17,2281607,1857455,139,1996
2026-01-06 21:45:19,2283642,1856462,140,1996
2026-01-06 21:45:21,2285679,1857962,140,1997
2026-01-06 21:45:23,2287713,1855290,140,1995
2026-01-06 21:45:25,2289748,1857625,140,1997
2026-01-06 21:45:27,2291784,1857647,140,1997
2026-01-06 21:45:29,2293820,1857431,140,1997
2026-01-06 21:45:31,2295858,1859081,140,1999
2026-01-06 21:45:33,2297893,1857514,139,1996
2026-01-06 21:45:35,2299928,1856374,140,1996
2026-01-06 21:45:37,2301962,1856414,139,1995
2026-01-06 21:45:39,2303997,1856352,140,1996
2026-01-06 21:45:41,2306032,1856244,140,1996
2026-01-06 21:45:43,2308069,1856590,142,1998
2026-01-06 21:45:45,2310105,1857555,140,1997
2026-01-06 21:45:47,2312141,1857352,140,1997
2026-01-06 21:45:49,2314178,1857460,141,1998
2026-01-06 21:45:51,2316213,1856069,140,1996
2026-01-06 21:45:53,2318248,1856404,140,1996
2026-01-06 21:45:55,2320283,1856432,140,1996
2026-01-06 21:45:57,2322317,1855576,140,1995
2026-01-06 21:45:59,2324351,1856617,140,1996
2026-01-06 21:46:01,2326387,1857247,140,1997
2026-01-06 21:46:03,2328424,1858455,140,1998
2026-01-06 21:46:05,2330462,1857431,142,1999
2026-01-06 21:46:07,2332500,1858451,141,1999
2026-01-06 21:46:09,2334535,1856398,140,1996
2026-01-06 21:46:12,2336571,1857011,140,1997
2026-01-06 21:46:14,2338606,1856429,140,1996
2026-01-06 21:46:16,2340642,1857456,140,1997
2026-01-06 21:46:18,2342679,1857688,141,1998
2026-01-06 21:46:20,2344714,1857635,139,1996
2026-01-06 21:46:22,2346751,1858014,140,1998
2026-01-06 21:46:24,2348789,1857398,142,1999
2026-01-06 21:46:26,2350825,1857386,140,1997
2026-01-06 21:46:28,2352860,1856374,140,1996
2026-01-06 21:46:30,2354894,1855464,140,1995
2026-01-06 21:46:32,2356929,1856165,140,1996
2026-01-06 21:46:34,2358964,1856620,140,1996
2026-01-06 21:46:36,2361001,1858630,140,1998
2026-01-06 21:46:38,2363037,1857485,140,1997
2026-01-06 21:46:40,2365073,1856421,141,1997
2026-01-06 21:46:42,2367109,1857052,140,1997
2026-01-06 21:46:44,2369145,1857454,140,1997
2026-01-06 21:46:46,2371181,1857418,140,1997
2026-01-06 21:46:48,2373217,1857471,140,1997
2026-01-06 21:46:50,2375252,1856645,140,1996
2026-01-06 21:46:52,2377289,1856189,142,1998
2026-01-06 21:46:54,2379325,1857630,140,1997
2026-01-06 21:46:56,2381362,1858417,140,1998
2026-01-06 21:46:58,2383399,1856238,142,1998
2026-01-06 21:47:00,2385434,1856339,140,1996
2026-01-06 21:47:02,2387470,1857029,140,1997
2026-01-06 21:47:04,2389509,1858396,142,2000
2026-01-06 21:47:06,2391546,1858749,140,1998
2026-01-06 21:47:09,2393582,1857647,140,1997
2026-01-06 21:47:11,2395617,1856633,141,1997
2026-01-06 21:47:13,2397653,1857219,140,1997
2026-01-06 21:47:15,2399687,1856450,139,1995
2026-01-06 21:47:17,2401723,1858388,139,1997
2026-01-06 21:47:19,2403758,1856448,140,1996
2026-01-06 21:47:21,2405794,1857424,140,1997
2026-01-06 21:47:23,2407830,1856034,141,1997
2026-01-06 21:47:25,2409863,1856970,139,1995
2026-01-06 21:47:27,2411898,1857603,140,1997
2026-01-06 21:47:29,2413933,1856629,140,1996
2026-01-06 21:47:31,2415968,1856412,140,1996
2026-01-06 21:47:33,2418003,1857012,139,1996
2026-01-06 21:47:35,2420038,1856466,140,1996
2026-01-06 21:47:37,2422073,1856410,140,1996
2026-01-06 21:47:39,2424108,1856415,140,1996
2026-01-06 21:47:41,2426143,1856504,140,1996
2026-01-06 21:47:43,2428179,1857240,141,1998
2026-01-06 21:47:45,2430214,1856617,140,1996
2026-01-06 21:47:47,2432250,1857443,140,1997
2026-01-06 21:47:49,2434284,1856423,139,1995
2026-01-06 21:47:51,2436319,1856394,140,1996
2026-01-06 21:47:53,2438355,1857091,140,1997
2026-01-06 21:47:55,2440391,1856461,141,1997
2026-01-06 21:47:57,2442426,1856388,140,1996
2026-01-06 21:47:59,2444461,1857466,140,1997
2026-01-06 21:48:01,2446497,1857620,140,1997
2026-01-06 21:48:03,2448534,1858004,140,1998
2026-01-06 21:48:06,2450571,1857407,141,1998
2026-01-06 21:48:08,2452606,1856475,140,1996
2026-01-06 21:48:10,2454642,1857396,140,1997
2026-01-06 21:48:12,2456677,1856430,140,1996
2026-01-06 21:48:14,2458713,1856766,140,1996
2026-01-06 21:48:16,2460749,1857630,140,1997
2026-01-06 21:48:18,2462786,1858633,140,1998
2026-01-06 21:48:20,2464822,1857511,140,1997
2026-01-06 21:48:22,2466857,1856427,140,1996
2026-01-06 21:48:24,2468892,1857022,139,1996
2026-01-06 21:48:26,2470928,1857496,140,1997
2026-01-06 21:48:28,2472963,1856446,140,1996
2026-01-06 21:48:30,2474998,1856461,140,1996
2026-01-06 21:48:32,2477033,1856469,140,1996
2026-01-06 21:48:34,2479069,1857413,141,1998
2026-01-06 21:48:36,2481105,1857575,140,1997
2026-01-06 21:48:38,2483141,1857458,140,1997
2026-01-06 21:48:40,2485176,1857424,139,1996
2026-01-06 21:48:42,2487211,1856387,140,1996
2026-01-06 21:48:44,2489246,1856061,140,1996
2026-01-06 21:48:46,2491280,1856419,139,1995
2026-01-06 21:48:48,2493318,1859204,140,1999
2026-01-06 21:48:50,2495353,1856603,140,1996
2026-01-06 21:48:52,2497389,1857620,140,1997
2026-01-06 21:48:54,2499425,1857105,140,1997
2026-01-06 21:48:56,2501459,1855507,140,1995
2026-01-06 21:48:58,2503494,1856416,140,1996
2026-01-06 21:49:00,2505529,1856434,140,1996
2026-01-06 21:49:03,2507564,1856420,140,1996
2026-01-06 21:49:05,2509600,1857122,140,1997
2026-01-06 21:49:07,2511635,1856631,140,1996
2026-01-06 21:49:09,2513672,1858620,140,1998
2026-01-06 21:49:11,2515708,1857500,140,1997
2026-01-06 21:49:13,2517743,1856470,140,1996
2026-01-06 21:49:15,2519779,1857038,140,1997
2026-01-06 21:49:17,2521815,1857435,140,1997
2026-01-06 21:49:19,2523851,1857409,140,1997
2026-01-06 21:49:21,2525886,1856457,140,1996
2026-01-06 21:49:23,2527922,1857628,140,1997
2026-01-06 21:49:25,2529957,1856115,140,1996
2026-01-06 21:49:27,2531994,1857452,141,1998
2026-01-06 21:49:29,2534030,1857451,140,1997
2026-01-06 21:49:31,2536065,1857431,139,1996
2026-01-06 21:49:33,2538100,1856438,140,1996
2026-01-06 21:49:35,2540135,1856034,140,1996
2026-01-06 21:49:37,2542170,1856461,140,1996
2026-01-06 21:49:39,2544205,1856635,140,1996
2026-01-06 21:49:41,2546241,1856774,141,1997
2026-01-06 21:49:43,2548277,1857597,140,1997
2026-01-06 21:49:45,2550314,1858018,140,1998
2026-01-06 21:49:47,2552351,1857406,141,1998
2026-01-06 21:49:49,2554388,1858403,140,1998
2026-01-06 21:49:51,2556423,1856455,140,1996
2026-01-06 21:49:53,2558458,1856457,140,1996
2026-01-06 21:49:55,2560495,1857693,140,1997
2026-01-06 21:49:57,2562530,1856643,140,1996
2026-01-06 21:50:00,2564565,1856664,140,1996
2026-01-06 21:50:02,2566601,1857489,140,1997
2026-01-06 21:50:04,2568637,1857402,140,1997
2026-01-06 21:50:06,2570673,1857041,140,1997
2026-01-06 21:50:08,2572708,1856463,140,1996
2026-01-06 21:50:10,2574743,1856472,140,1996
2026-01-06 21:50:12,2576779,1857461,140,1997
2026-01-06 21:50:14,2578815,1857573,140,1997
2026-01-06 21:50:16,2580851,1856368,142,1998
2026-01-06 21:50:18,2582887,1857651,140,1997
2026-01-06 21:50:20,2584924,1858425,140,1998
2026-01-06 21:50:22,2586959,1856498,140,1996
2026-01-06 21:50:24,2588994,1856408,140,1996
2026-01-06 21:50:26,2591029,1856069,140,1996
2026-01-06 21:50:28,2593064,1856454,140,1996
2026-01-06 21:50:30,2595102,1859549,140,1999
2026-01-06 21:50:32,2597137,1856763,140,1996
2026-01-06 21:50:34,2599173,1857573,140,1997
2026-01-06 21:50:36,2601210,1858061,140,1998
2026-01-06 21:50:38,2603245,1856383,140,1996
2026-01-06 21:50:40,2605281,1857392,140,1997
2026-01-06 21:50:42,2607316,1856451,140,1996
2026-01-06 21:50:44,2609351,1856402,140,1996
2026-01-06 21:50:46,2611387,1857030,140,1997
2026-01-06 21:50:48,2613423,1857598,140,1997
2026-01-06 21:50:50,2615460,1857695,141,1998
2026-01-06 21:50:52,2617495,1856582,140,1996
2026-01-06 21:50:54,2619529,1856468,139,1995
2026-01-06 21:50:57,2621565,1857990,139,1996
2026-01-06 21:50:59,2623600,1856467,140,1996
2026-01-06 21:51:01,2625637,1858478,140,1998
2026-01-06 21:51:03,2627673,1857375,140,1997
2026-01-06 21:51:05,2629708,1856440,140,1996
2026-01-06 21:51:07,2631744,1857202,140,1997
2026-01-06 21:51:09,2633781,1857640,141,1998
2026-01-06 21:51:11,2635817,1857498,140,1997
2026-01-06 21:51:13,2637853,1856360,141,1997
2026-01-06 21:51:15,2639889,1857454,140,1997
2026-01-06 21:51:17,2641924,1856008,140,1996
2026-01-06 21:51:19,2643961,1858411,140,1998
2026-01-06 21:51:21,2645997,1857411,140,1997
2026-01-06 21:51:23,2648032,1856647,140,1996
2026-01-06 21:51:25,2650065,1854666,140,1994
2026-01-06 21:51:27,2652102,1858100,140,1998
2026-01-06 21:51:29,2654137,1856420,140,1996
2026-01-06 21:51:31,2656172,1856435,140,1996
2026-01-06 21:51:33,2658207,1856454,140,1996
2026-01-06 21:51:35,2660242,1856408,140,1996
2026-01-06 21:51:37,2662277,1856017,140,1996
2026-01-06 21:51:39,2664312,1857617,140,1997
2026-01-06 21:51:41,2666351,1858634,142,2000
2026-01-06 21:51:43,2668387,1857633,140,1997
2026-01-06 21:51:45,2670423,1857451,140,1997
2026-01-06 21:51:47,2672461,1857040,142,1999
2026-01-06 21:51:49,2674497,1857508,140,1997
2026-01-06 21:51:51,2676533,1857426,140,1997
2026-01-06 21:51:54,2678568,1856397,140,1996
2026-01-06 21:51:56,2680604,1857297,140,1997
2026-01-06 21:51:58,2682639,1856230,140,1996
2026-01-06 21:52:00,2684675,1857611,140,1997
2026-01-06 21:52:02,2686711,1857512,140,1997
2026-01-06 21:52:04,2688746,1856415,140,1996
2026-01-06 21:52:06,2690782,1857458,140,1997
2026-01-06 21:52:08,2692818,1857034,140,1997
2026-01-06 21:52:10,2694853,1856437,140,1996
2026-01-06 21:52:12,2696888,1856464,140,1996
2026-01-06 21:52:14,2698924,1857607,140,1997
2026-01-06 21:52:16,2700960,1857684,141,1998
2026-01-06 21:52:18,2702997,1858184,140,1998
2026-01-06 21:52:20,2705034,1858431,140,1998
2026-01-06 21:52:22,2707069,1856448,140,1996
2026-01-06 21:52:24,2709106,1858312,140,1998
2026-01-06 21:52:26,2711142,1857426,140,1997
2026-01-06 21:52:28,2713180,1857970,141,1998
2026-01-06 21:52:30,2715215,1856464,140,1996
2026-01-06 21:52:32,2717250,1856598,140,1996
2026-01-06 21:52:34,2719285,1856611,140,1996
2026-01-06 21:52:36,2721321,1857526,140,1997
2026-01-06 21:52:38,2723359,1858034,141,1999
2026-01-06 21:52:40,2725394,1857371,139,1996
2026-01-06 21:52:42,2727429,1856367,140,1996
2026-01-06 21:52:44,2729464,1856422,140,1996
2026-01-06 21:52:46,2731499,1856403,140,1996
2026-01-06 21:52:48,2733536,1858102,140,1998
2026-01-06 21:52:51,2735571,1857651,140,1997
2026-01-06 21:52:53,2737607,1857620,140,1997
2026-01-06 21:52:55,2739643,1857412,140,1997
2026-01-06 21:52:57,2741679,1856413,141,1997
2026-01-06 21:52:59,2743715,1856999,140,1996
2026-01-06 21:53:01,2745750,1856461,140,1996
2026-01-06 21:53:03,2747785,1856475,140,1996
2026-01-06 21:53:05,2749820,1856564,140,1996
2026-01-06 21:53:07,2751857,1857609,140,1997
2026-01-06 21:53:09,2753894,1858258,140,1998
2026-01-06 21:53:11,2755930,1857518,140,1997
2026-01-06 21:53:13,2757965,1856480,140,1996
2026-01-06 21:53:15,2760001,1857466,140,1997
2026-01-06 21:53:17,2762036,1856453,140,1996
2026-01-06 21:53:19,2764071,1856030,140,1996
2026-01-06 21:53:21,2766106,1856430,140,1996
2026-01-06 21:53:23,2768141,1856659,140,1996
2026-01-06 21:53:25,2770176,1856592,140,1996
2026-01-06 21:53:27,2772214,1858489,141,1999
2026-01-06 21:53:29,2774250,1856975,140,1996
2026-01-06 21:53:31,2776285,1857447,139,1996
2026-01-06 21:53:33,2778320,1856450,140,1996
2026-01-06 21:53:35,2780355,1856469,140,1996
2026-01-06 21:53:37,2782389,1856449,139,1995
2026-01-06 21:53:39,2784427,1859090,140,1999
2026-01-06 21:53:41,2786461,1856611,140,1996
2026-01-06 21:53:43,2788497,1857640,140,1997
2026-01-06 21:53:45,2790532,1856480,140,1996
2026-01-06 21:53:48,2792565,1855458,139,1994
2026-01-06 21:53:50,2794601,1857038,140,1997
2026-01-06 21:53:52,2796637,1857425,140,1997
2026-01-06 21:53:54,2798671,1855418,140,1995
2026-01-06 21:53:56,2800707,1857462,140,1997
2026-01-06 21:53:58,2802742,1856644,141,1997
2026-01-06 21:54:00,2804778,1857261,140,1997
2026-01-06 21:54:02,2806814,1857454,140,1997
2026-01-06 21:54:04,2808850,1857405,140,1997
2026-01-06 21:54:06,2810886,1857454,140,1997
2026-01-06 21:54:08,2812921,1856433,140,1996
2026-01-06 21:54:10,2814956,1856081,140,1996
2026-01-06 21:54:12,2816991,1856539,140,1996
2026-01-06 21:54:14,2819026,1856628,140,1996
2026-01-06 21:54:16,2821062,1856610,141,1997
2026-01-06 21:54:18,2823098,1857455,140,1997
2026-01-06 21:54:20,2825132,1855057,140,1995
2026-01-06 21:54:22,2827168,1857391,140,1997
2026-01-06 21:54:24,2829203,1856437,140,1996
2026-01-06 21:54:26,2831238,1856419,140,1996
2026-01-06 21:54:28,2833271,1854516,140,1994
2026-01-06 21:54:30,2835306,1856226,140,1996
2026-01-06 21:54:32,2837342,1857569,140,1997
2026-01-06 21:54:34,2839377,1856478,140,1996
2026-01-06 21:54:36,2841412,1856442,140,1996
2026-01-06 21:54:38,2843449,1858388,140,1998
2026-01-06 21:54:40,2845484,1856052,140,1996
2026-01-06 21:54:42,2847520,1857448,140,1997
2026-01-06 21:54:45,2849557,1858359,140,1998
2026-01-06 21:54:47,2851593,1857645,140,1997
2026-01-06 21:54:49,2853624,1856665,136,1992
2026-01-06 21:54:51,2855661,1857991,140,1997
2026-01-06 21:54:53,2857692,1855456,138,1993
2026-01-06 21:54:55,2859723,1856474,136,1992
2026-01-06 21:54:57,2861753,1855431,136,1991
2026-01-06 21:54:59,2863788,1856307,140,1996
2026-01-06 21:55:01,2865825,1858242,140,1998
2026-01-06 21:55:03,2867861,1857608,140,1997
2026-01-06 21:55:05,2869897,1857544,140,1997
2026-01-06 21:55:07,2871932,1856388,140,1996
2026-01-06 21:55:09,2873968,1857464,140,1997
2026-01-06 21:55:11,2876005,1858077,140,1998
2026-01-06 21:55:13,2878040,1856473,140,1996
2026-01-06 21:55:15,2880074,1856442,139,1995
2026-01-06 21:55:17,2882110,1857491,140,1997
2026-01-06 21:55:19,2884146,1857650,141,1998
2026-01-06 21:55:21,2886184,1859241,140,1999
2026-01-06 21:55:23,2888220,1857451,140,1997
2026-01-06 21:55:25,2890255,1856420,140,1996
2026-01-06 21:55:27,2892291,1857394,140,1997
2026-01-06 21:55:29,2894326,1856391,140,1996
2026-01-06 21:55:31,2896361,1856069,140,1996
2026-01-06 21:55:33,2898396,1856366,140,1996
2026-01-06 21:55:35,2900431,1856638,140,1996
2026-01-06 21:55:37,2902466,1856591,140,1996
2026-01-06 21:55:39,2904502,1857446,140,1997
2026-01-06 21:55:42,2906538,1855862,141,1996
2026-01-06 21:55:44,2908574,1857451,140,1997
2026-01-06 21:55:46,2910610,1857435,140,1997
2026-01-06 21:55:48,2912644,1855420,140,1995
2026-01-06 21:55:50,2914680,1857126,140,1997
2026-01-06 21:55:52,2916715,1856270,140,1996
2026-01-06 21:55:54,2918752,1857673,141,1998
2026-01-06 21:55:56,2920787,1856453,140,1996
2026-01-06 21:55:58,2922822,1856439,140,1996
2026-01-06 21:56:00,2924858,1857406,140,1997
2026-01-06 21:56:02,2926893,1855995,140,1995
2026-01-06 21:56:04,2928927,1856456,139,1995
2026-01-06 21:56:06,2930962,1856292,140,1996
2026-01-06 21:56:08,2932997,1856598,140,1996
2026-01-06 21:56:10,2935033,1857595,140,1997
2026-01-06 21:56:12,2937069,1857049,140,1997
2026-01-06 21:56:14,2939105,1857396,140,1997
2026-01-06 21:56:16,2941140,1857404,139,1996
2026-01-06 21:56:18,2943175,1856432,140,1996
2026-01-06 21:56:20,2945213,1859458,140,1999
2026-01-06 21:56:22,2947249,1857057,140,1997
2026-01-06 21:56:24,2949284,1856585,140,1996
2026-01-06 21:56:26,2951321,1858403,140,1998
2026-01-06 21:56:28,2953357,1857567,140,1997
2026-01-06 21:56:30,2955392,1856529,140,1996
2026-01-06 21:56:32,2957429,1857049,141,1998
2026-01-06 21:56:34,2959464,1856456,140,1996
2026-01-06 21:56:36,2961499,1856456,140,1996
2026-01-06 21:56:39,2963534,1856391,140,1996
2026-01-06 21:56:41,2965569,1856368,140,1996
2026-01-06 21:56:43,2967606,1858237,140,1998
2026-01-06 21:56:45,2969642,1857438,140,1997
2026-01-06 21:56:47,2971678,1857468,140,1997
2026-01-06 21:56:49,2973714,1857416,140,1997
2026-01-06 21:56:51,2975749,1857398,139,1996
2026-01-06 21:56:53,2977784,1856034,140,1996
2026-01-06 21:56:55,2979819,1856464,140,1996
2026-01-06 21:56:57,2981853,1855477,140,1995
2026-01-06 21:56:59,2983888,1856653,140,1996
2026-01-06 21:57:01,2985924,1857601,140,1997
2026-01-06 21:57:03,2987960,1857150,140,1997
2026-01-06 21:57:05,2989996,1857450,140,1997
2026-01-06 21:57:07,2992030,1856424,139,1995
2026-01-06 21:57:09,2994065,1856439,140,1996
2026-01-06 21:57:11,2996102,1858448,140,1998
2026-01-06 21:57:13,2998139,1857065,141,1998
2026-01-06 21:57:15,3000174,1856508,140,1996
2026-01-06 21:57:17,3002209,1857659,140,1997
2026-01-06 21:57:19,3004245,1857654,140,1997
2026-01-06 21:57:21,3006281,1857435,140,1997
2026-01-06 21:57:23,3008317,1855991,141,1996
2026-01-06 21:57:25,3010352,1856451,140,1996
2026-01-06 21:57:27,3012387,1856477,140,1996
2026-01-06 21:57:29,3014422,1856484,140,1996
2026-01-06 21:57:31,3016460,1858482,141,1999
2026-01-06 21:57:33,3018495,1856289,140,1996
2026-01-06 21:57:36,3020531,1857597,140,1997
2026-01-06 21:57:38,3022568,1857485,141,1998
2026-01-06 21:57:40,3024605,1859446,139,1998
2026-01-06 21:57:42,3026640,1857428,139,1996
2026-01-06 21:57:44,3028676,1856978,140,1996
2026-01-06 21:57:46,3030711,1856497,140,1996
2026-01-06 21:57:48,3032746,1856375,140,1996
2026-01-06 21:57:50,3034780,1856634,139,1995
2026-01-06 21:57:52,3036817,1857595,141,1998
2026-01-06 21:57:54,3038853,1857253,140,1997
2026-01-06 21:57:56,3040891,1859477,140,1999
2026-01-06 21:57:58,3042927,1856460,141,1997
2026-01-06 21:58:00,3044963,1857410,140,1997
2026-01-06 21:58:02,3046998,1856419,140,1996
2026-01-06 21:58:04,3049034,1856991,140,1996
2026-01-06 21:58:06,3051070,1857543,140,1997
2026-01-06 21:58:08,3053105,1856606,140,1996
2026-01-06 21:58:10,3055141,1857629,140,1997
2026-01-06 21:58:12,3057178,1858520,140,1998
2026-01-06 21:58:14,3059214,1857041,140,1997
2026-01-06 21:58:16,3061249,1856452,140,1996
2026-01-06 21:58:18,3063285,1857427,140,1997
2026-01-06 21:58:20,3065323,1859409,140,1999
2026-01-06 21:58:22,3067358,1856397,140,1996
2026-01-06 21:58:24,3069391,1855204,140,1995
2026-01-06 21:58:26,3071427,1857617,141,1998
2026-01-06 21:58:28,3073463,1857571,140,1997
2026-01-06 21:58:30,3075498,1856480,140,1996
2026-01-06 21:58:33,3077533,1857448,139,1996
2026-01-06 21:58:35,3079570,1858009,140,1998
2026-01-06 21:58:37,3081605,1856464,140,1996
2026-01-06 21:58:39,3083641,1857384,140,1997
2026-01-06 21:58:41,3085676,1856574,140,1996
2026-01-06 21:58:43,3087711,1856663,140,1996
2026-01-06 21:58:45,3089748,1857257,141,1998
2026-01-06 21:58:47,3091784,1857531,140,1997
2026-01-06 21:58:49,3093820,1856416,141,1997
2026-01-06 21:58:51,3095858,1859407,140,1999
2026-01-06 21:58:53,3097896,1858430,141,1999
2026-01-06 21:58:55,3099932,1857004,140,1997
2026-01-06 21:58:57,3101968,1857425,140,1997
2026-01-06 21:58:59,3104003,1856510,140,1996
2026-01-06 21:59:01,3106037,1856499,140,1996
2026-01-06 21:59:03,3108073,1857614,140,1997
2026-01-06 21:59:05,3110110,1858077,140,1998
2026-01-06 21:59:07,3112146,1857374,140,1997
2026-01-06 21:59:09,3114184,1858361,141,1999
2026-01-06 21:59:11,3116219,1856387,140,1996
2026-01-06 21:59:13,3118254,1856411,140,1996
2026-01-06 21:59:15,3120290,1856675,140,1996
2026-01-06 21:59:17,3122325,1856464,140,1996
2026-01-06 21:59:19,3124361,1857625,140,1997
2026-01-06 21:59:21,3126397,1857462,140,1997
2026-01-06 21:59:23,3128432,1856429,140,1996
2026-01-06 21:59:25,3130468,1856995,140,1996
2026-01-06 21:59:27,3132503,1856392,140,1996
2026-01-06 21:59:30,3134538,1856415,140,1996
2026-01-06 21:59:32,3136573,1857435,139,1996
2026-01-06 21:59:34,3138609,1857530,140,1997
2026-01-06 21:59:36,3140645,1856215,141,1997
2026-01-06 21:59:38,3142681,1857525,140,1997
2026-01-06 21:59:40,3144718,1858465,140,1998
2026-01-06 21:59:42,3146755,1857460,141,1998
2026-01-06 21:59:44,3148791,1857386,140,1997
2026-01-06 21:59:46,3150827,1857057,140,1997
2026-01-06 21:59:48,3152862,1856373,140,1996
2026-01-06 21:59:50,3154896,1855567,140,1995
2026-01-06 21:59:52,3156931,1856599,140,1996
2026-01-06 21:59:54,3158968,1857601,141,1998
2026-01-06 21:59:56,3161005,1858061,140,1998
2026-01-06 21:59:58,3163046,1861421,141,2002
2026-01-06 22:00:00,3165079,1855426,139,1994
2026-01-06 22:00:02,3167113,1855444,140,1995
2026-01-06 22:00:04,3169148,1856452,140,1996
2026-01-06 22:00:06,3171183,1856042,140,1996
2026-01-06 22:00:08,3173218,1856648,140,1996
2026-01-06 22:00:10,3175253,1856601,140,1996
2026-01-06 22:00:12,3177289,1857498,140,1997
2026-01-06 22:00:14,3179325,1857450,140,1997
2026-01-06 22:00:16,3181360,1857041,139,1996
2026-01-06 22:00:18,3183395,1856445,140,1996
2026-01-06 22:00:20,3185429,1855471,140,1995
2026-01-06 22:00:22,3187464,1856436,140,1996
2026-01-06 22:00:24,3189499,1856637,140,1996
2026-01-06 22:00:27,3191533,1855040,140,1995
2026-01-06 22:00:29,3193569,1857501,140,1997
2026-01-06 22:00:31,3195606,1858409,140,1998
2026-01-06 22:00:33,3197640,1856471,139,1995
2026-01-06 22:00:35,3199674,1855376,140,1995
2026-01-06 22:00:37,3201711,1858069,140,1998
2026-01-06 22:00:39,3203745,1855424,140,1995
2026-01-06 22:00:41,3205780,1856638,140,1996
2026-01-06 22:00:43,3207818,1857609,142,1999
2026-01-06 22:00:45,3209855,1857638,141,1998
2026-01-06 22:00:47,3211892,1857995,140,1997
2026-01-06 22:00:49,3213927,1856379,140,1996
2026-01-06 22:00:51,3215962,1856447,140,1996
2026-01-06 22:00:53,3217998,1857384,140,1997
2026-01-06 22:00:55,3220034,1857353,140,1997
2026-01-06 22:00:57,3222069,1856052,140,1996
2026-01-06 22:00:59,3224104,1856706,140,1996
2026-01-06 22:01:01,3226140,1857639,140,1997
2026-01-06 22:01:03,3228176,1857490,140,1997
2026-01-06 22:01:05,3230211,1857422,139,1996
2026-01-06 22:01:07,3232247,1857038,140,1997
2026-01-06 22:01:09,3234283,1857410,140,1997
2026-01-06 22:01:11,3236319,1856435,141,1997
2026-01-06 22:01:13,3238353,1856297,140,1996
2026-01-06 22:01:15,3240391,1859591,140,1999
2026-01-06 22:01:17,3242428,1858194,141,1999
2026-01-06 22:01:19,3244465,1858611,140,1998
2026-01-06 22:01:21,3246501,1857410,140,1997
2026-01-06 22:01:24,3248535,1856485,139,1995
2026-01-06 22:01:26,3250572,1858444,140,1998
2026-01-06 22:01:28,3252608,1856026,141,1997
2026-01-06 22:01:30,3254643,1856466,140,1996
2026-01-06 22:01:32,3256678,1856587,140,1996
2026-01-06 22:01:34,3258714,1856600,140,1996
2026-01-06 22:01:36,3260750,1857619,140,1997
2026-01-06 22:01:38,3262786,1857075,140,1997
2026-01-06 22:01:40,3264823,1858440,140,1998
2026-01-06 22:01:42,3266859,1857451,140,1997
2026-01-06 22:01:44,3268894,1856432,140,1996
2026-01-06 22:01:46,3270930,1856420,141,1997
2026-01-06 22:01:48,3272966,1857709,140,1997
2026-01-06 22:01:50,3275003,1858652,140,1998
2026-01-06 22:01:52,3277037,1856606,140,1996
2026-01-06 22:01:54,3279073,1857654,140,1997
2026-01-06 22:01:56,3281110,1858429,140,1998
2026-01-06 22:01:58,3283145,1857065,139,1996
2026-01-06 22:02:00,3285180,1856425,140,1996
2026-01-06 22:02:02,3287215,1856438,140,1996
2026-01-06 22:02:04,3289250,1856409,140,1996
2026-01-06 22:02:06,3291285,1856595,140,1996
2026-01-06 22:02:08,3293320,1856176,141,1997
2026-01-06 22:02:10,3295356,1857592,140,1997
2026-01-06 22:02:12,3297392,1857396,140,1997
2026-01-06 22:02:14,3299430,1857392,142,1999
2026-01-06 22:02:16,3301466,1857458,140,1997
2026-01-06 22:02:18,3303502,1856991,140,1996
2026-01-06 22:02:21,3305538,1856459,141,1997
2026-01-06 22:02:23,3307574,1858190,140,1998
2026-01-06 22:02:25,3309611,1858645,141,1999
2026-01-06 22:02:27,3311646,1856723,141,1997
2026-01-06 22:02:29,3313681,1857234,139,1996
2026-01-06 22:02:31,3315717,1857416,140,1997
2026-01-06 22:02:33,3317752,1857439,139,1996
2026-01-06 22:02:35,3319788,1857403,140,1997
2026-01-06 22:02:37,3321823,1856377,140,1996
2026-01-06 22:02:39,3323859,1856991,140,1996
2026-01-06 22:02:41,3325895,1857525,140,1997
2026-01-06 22:02:43,3327930,1856617,140,1996
2026-01-06 22:02:45,3329965,1857558,139,1996
2026-01-06 22:02:47,3332001,1857387,140,1997
2026-01-06 22:02:49,3334039,1857047,142,1999
2026-01-06 22:02:51,3336076,1858423,140,1998
2026-01-06 22:02:53,3338114,1859408,140,1999
2026-01-06 22:02:55,3340150,1857493,140,1997
2026-01-06 22:02:57,3342186,1857451,140,1997
2026-01-06 22:02:59,3344222,1856771,140,1996
2026-01-06 22:03:01,3346256,1856569,140,1996
2026-01-06 22:03:03,3348292,1857639,140,1997
2026-01-06 22:03:05,3350327,1856450,140,1996
2026-01-06 22:03:07,3352361,1856431,139,1995
2026-01-06 22:03:09,3354396,1856046,140,1996
2026-01-06 22:03:11,3356432,1857476,140,1997
2026-01-06 22:03:13,3358470,1859461,140,1999
2026-01-06 22:03:15,3360505,1856505,140,1996
2026-01-06 22:03:18,3362541,1857584,140,1997
2026-01-06 22:03:20,3364577,1857193,140,1997
2026-01-06 22:03:22,3366613,1857527,140,1997
2026-01-06 22:03:24,3368649,1856407,141,1997
2026-01-06 22:03:26,3370685,1857423,140,1997
2026-01-06 22:03:28,3372722,1858446,140,1998
2026-01-06 22:03:30,3374758,1857042,140,1997
2026-01-06 22:03:32,3376793,1856433,140,1996
2026-01-06 22:03:34,3378828,1856606,140,1996
2026-01-06 22:03:36,3380866,1857664,142,1999
2026-01-06 22:03:38,3382902,1857607,140,1997
2026-01-06 22:03:40,3384938,1857051,140,1997
2026-01-06 22:03:42,3386974,1857441,140,1997
2026-01-06 22:03:44,3389010,1857373,140,1997
2026-01-06 22:03:46,3391045,1856395,140,1996
2026-01-06 22:03:48,3393081,1857449,140,1997
2026-01-06 22:03:50,3395117,1857177,140,1997
2026-01-06 22:03:52,3397153,1857730,140,1997
2026-01-06 22:03:54,3399189,1857609,140,1997
2026-01-06 22:03:56,3401225,1857435,140,1997
2026-01-06 22:03:58,3403261,1856399,141,1997
2026-01-06 22:04:00,3405297,1857083,140,1997
2026-01-06 22:04:02,3407335,1859438,140,1999
2026-01-06 22:04:04,3409371,1857334,140,1997
2026-01-06 22:04:06,3411407,1857430,140,1997
2026-01-06 22:04:08,3413442,1856550,140,1996
2026-01-06 22:04:10,3415476,1856202,140,1996
2026-01-06 22:04:13,3417512,1857630,140,1997
2026-01-06 22:04:15,3419547,1856407,140,1996
2026-01-06 22:04:17,3421581,1857418,138,1995
2026-01-06 22:04:19,3423617,1857401,140,1997
2026-01-06 22:04:21,3425652,1856038,140,1996
2026-01-06 22:04:23,3427686,1855428,140,1995
2026-01-06 22:04:25,3429723,1858294,140,1998
2026-01-06 22:04:27,3431757,1856627,140,1996
2026-01-06 22:04:29,3433793,1857658,140,1997
2026-01-06 22:04:31,3435829,1857073,140,1997
2026-01-06 22:04:33,3437864,1857462,139,1996
2026-01-06 22:04:35,3439899,1856416,140,1996
2026-01-06 22:04:37,3441933,1855452,140,1995
2026-01-06 22:04:39,3443970,1858452,140,1998
2026-01-06 22:04:41,3446006,1857146,140,1997
2026-01-06 22:04:43,3448041,1856616,140,1996
2026-01-06 22:04:45,3450076,1856632,140,1996
2026-01-06 22:04:47,3452112,1857472,140,1997
2026-01-06 22:04:49,3454148,1856451,141,1997
2026-01-06 22:04:51,3456186,1858103,141,1999
2026-01-06 22:04:53,3458222,1857401,140,1997
2026-01-06 22:04:55,3460258,1856451,141,1997
2026-01-06 22:04:57,3462292,1856126,140,1996
2026-01-06 22:04:59,3464327,1856611,140,1996
2026-01-06 22:05:01,3466363,1857219,140,1997
2026-01-06 22:05:03,3468399,1857406,140,1997
2026-01-06 22:05:05,3470435,1857399,140,1997
2026-01-06 22:05:07,3472470,1857403,139,1996
2026-01-06 22:05:09,3474505,1856408,140,1996
2026-01-06 22:05:12,3476542,1858023,140,1998
2026-01-06 22:05:14,3478578,1856310,141,1997
2026-01-06 22:05:16,3480612,1855431,140,1995
2026-01-06 22:05:18,3482647,1855708,141,1996
2026-01-06 22:05:20,3484683,1857589,140,1997
2026-01-06 22:05:22,3486718,1856177,141,1997
2026-01-06 22:05:24,3488752,1856501,139,1995
2026-01-06 22:05:26,3490787,1856511,141,1997
2026-01-06 22:05:28,3492821,1856558,140,1996
2026-01-06 22:05:30,3494855,1856544,140,1996
2026-01-06 22:05:32,3496889,1856316,140,1996
2026-01-06 22:05:34,3498924,1856685,140,1996
2026-01-06 22:05:36,3500961,1858556,141,1999
2026-01-06 22:05:38,3502997,1857498,141,1998
2026-01-06 22:05:40,3505033,1858465,139,1997
2026-01-06 22:05:42,3507067,1856045,140,1996
2026-01-06 22:05:44,3509101,1856430,140,1996
2026-01-06 22:05:46,3511135,1856368,140,1996
2026-01-06 22:05:48,3513169,1856738,140,1996
2026-01-06 22:05:50,3515204,1856730,140,1996
2026-01-06 22:05:52,3517240,1857202,141,1998
2026-01-06 22:05:54,3519275,1856469,141,1997
2026-01-06 22:05:56,3521311,1857489,141,1998
2026-01-06 22:05:58,3523346,1857476,140,1997
2026-01-06 22:06:00,3525381,1856536,141,1997
2026-01-06 22:06:02,3527416,1856908,141,1997
2026-01-06 22:06:04,3529450,1856721,140,1996
2026-01-06 22:06:06,3531485,1856677,140,1996
2026-01-06 22:06:09,3533521,1857574,141,1998
2026-01-06 22:06:11,3535555,1856496,140,1996
2026-01-06 22:06:13,3537591,1857110,140,1997
2026-01-06 22:06:15,3539626,1857498,139,1996
2026-01-06 22:06:17,3541661,1856514,140,1996
2026-01-06 22:06:19,3543695,1855386,141,1996
2026-01-06 22:06:21,3545729,1856690,140,1996
2026-01-06 22:06:23,3547765,1857311,140,1997
2026-01-06 22:06:25,3549801,1857589,140,1997
2026-01-06 22:06:27,3551836,1857543,139,1996
2026-01-06 22:06:29,3553873,1858539,141,1999
2026-01-06 22:06:31,3555908,1857456,140,1997
2026-01-06 22:06:33,3557942,1856127,140,1996
2026-01-06 22:06:35,3559976,1856473,140,1996
2026-01-06 22:06:37,3562011,1857721,140,1997
2026-01-06 22:06:39,3564046,1856703,141,1997
2026-01-06 22:06:41,3566081,1857615,140,1997
2026-01-06 22:06:43,3568117,1857145,140,1997
2026-01-06 22:06:45,3570152,1857479,140,1997
2026-01-06 22:06:47,3572186,1856522,139,1995
2026-01-06 22:06:49,3574219,1855566,140,1995
2026-01-06 22:06:51,3576253,1856638,140,1996
2026-01-06 22:06:53,3578289,1857313,140,1997
2026-01-06 22:06:55,3580324,1856726,141,1997
2026-01-06 22:06:57,3582360,1857624,140,1997
2026-01-06 22:06:59,3584396,1857523,141,1998
2026-01-06 22:07:01,3586430,1856469,140,1996
2026-01-06 22:07:03,3588462,1855113,139,1994
2026-01-06 22:07:05,3590499,1859510,140,1999
2026-01-06 22:07:08,3592533,1856662,140,1996
2026-01-06 22:07:10,3594567,1856707,140,1996
2026-01-06 22:07:12,3596603,1857687,140,1997
2026-01-06 22:07:14,3598639,1857161,140,1997
2026-01-06 22:07:16,3600675,1856512,142,1998
2026-01-06 22:07:18,3602712,1858506,141,1999
2026-01-06 22:07:20,3604746,1856504,140,1996
2026-01-06 22:07:22,3606780,1856442,140,1996
2026-01-06 22:07:24,3608815,1857285,139,1996
2026-01-06 22:07:26,3610851,1857534,140,1997
2026-01-06 22:07:28,3612886,1856742,140,1996
2026-01-06 22:07:30,3614922,1857573,141,1998
2026-01-06 22:07:32,3616956,1856524,140,1996
2026-01-06 22:07:34,3618991,1857085,140,1997
2026-01-06 22:07:36,3621025,1856548,140,1996
2026-01-06 22:07:38,3623060,1857502,140,1997
2026-01-06 22:07:40,3625094,1856682,139,1995
2026-01-06 22:07:42,3627128,1856731,140,1996
2026-01-06 22:07:44,3629165,1858314,141,1999
2026-01-06 22:07:46,3631201,1857540,140,1997
2026-01-06 22:07:48,3633236,1856562,141,1997
2026-01-06 22:07:50,3635271,1857470,140,1997
2026-01-06 22:07:52,3637305,1856487,140,1996
2026-01-06 22:07:54,3639340,1857134,140,1997
2026-01-06 22:07:56,3641375,1857665,140,1997
2026-01-06 22:07:58,3643409,1856739,140,1996
2026-01-06 22:08:00,3645444,1856706,140,1996
2026-01-06 22:08:02,3647478,1856506,139,1995
2026-01-06 22:08:05,3649513,1857081,139,1996
2026-01-06 22:08:07,3651550,1858471,141,1999
2026-01-06 22:08:09,3653585,1856482,141,1997
2026-01-06 22:08:11,3655622,1858220,140,1998
2026-01-06 22:08:13,3657656,1856628,140,1996
2026-01-06 22:08:15,3659690,1856266,140,1996
2026-01-06 22:08:17,3661727,1858746,140,1998
2026-01-06 22:08:19,3663762,1857548,140,1997
2026-01-06 22:08:21,3665798,1857522,141,1998
2026-01-06 22:08:23,3667833,1857483,140,1997
2026-01-06 22:08:25,3669868,1857045,140,1997
2026-01-06 22:08:27,3671902,1856526,140,1996
2026-01-06 22:08:29,3673936,1856617,140,1996
2026-01-06 22:08:31,3675970,1856665,140,1996
2026-01-06 22:08:33,3678005,1857741,140,1997
2026-01-06 22:08:35,3680042,1858057,140,1998
2026-01-06 22:08:37,3682078,1857531,141,1998
2026-01-06 22:08:39,3684112,1856522,140,1996
2026-01-06 22:08:41,3686149,1858513,140,1998
2026-01-06 22:08:45,3690217,1858537,141,1999
2026-01-06 22:08:47,3692251,1856657,140,1996
2026-01-06 22:08:49,3694286,1857558,140,1997
2026-01-06 22:08:51,3696321,1857440,140,1997
2026-01-06 22:08:53,3698356,1857433,140,1997
2026-01-06 22:08:55,3700390,1856408,140,1996
2026-01-06 22:08:57,3702424,1856422,140,1996
2026-01-06 22:08:59,3704458,1856466,140,1996
2026-01-06 22:09:01,3706492,1856598,140,1996
2026-01-06 22:09:04,3708526,1856636,140,1996
2026-01-06 22:09:06,3710562,1858513,140,1998
2026-01-06 22:09:08,3712597,1857425,140,1997
2026-01-06 22:09:10,3714633,1857395,141,1998
2026-01-06 22:09:12,3716667,1856462,140,1996
2026-01-06 22:09:14,3718703,1856436,142,1998
2026-01-06 22:09:16,3720736,1855847,140,1995
2026-01-06 22:09:18,3722770,1856659,140,1996
2026-01-06 22:09:20,3724806,1858606,140,1998
2026-01-06 22:09:22,3726841,1857477,140,1997
2026-01-06 22:09:24,3728875,1856437,140,1996
2026-01-06 22:09:26,3730910,1857397,140,1997
2026-01-06 22:09:28,3732944,1856448,140,1996
2026-01-06 22:09:30,3734978,1856460,140,1996
2026-01-06 22:09:32,3737012,1856551,140,1996
2026-01-06 22:09:34,3739050,1859621,141,2000
2026-01-06 22:09:36,3741085,1857579,140,1997
2026-01-06 22:09:38,3743121,1858496,140,1998
2026-01-06 22:09:40,3745157,1856425,142,1998
2026-01-06 22:09:42,3747192,1857407,140,1997
2026-01-06 22:09:44,3749226,1856420,140,1996
2026-01-06 22:09:46,3751260,1856402,140,1996
2026-01-06 22:09:48,3753293,1855636,140,1995
2026-01-06 22:09:50,3755327,1856577,140,1996
2026-01-06 22:09:52,3757363,1857639,141,1998
2026-01-06 22:09:54,3759397,1856464,140,1996
2026-01-06 22:09:56,3761431,1857433,139,1996
2026-01-06 22:09:58,3763465,1856421,140,1996
2026-01-06 22:10:01,3765499,1856434,140,1996
2026-01-06 22:10:03,3767533,1856465,140,1996
2026-01-06 22:10:05,3769568,1857625,140,1997
2026-01-06 22:10:07,3771603,1857530,140,1997
2026-01-06 22:10:09,3773638,1857426,140,1997
2026-01-06 22:10:11,3775672,1856474,140,1996
2026-01-06 22:10:13,3777708,1857484,141,1998
2026-01-06 22:10:15,3779742,1856448,140,1996
2026-01-06 22:10:17,3781779,1858479,141,1999
2026-01-06 22:10:19,3783812,1856209,140,1996
2026-01-06 22:10:21,3785847,1857681,140,1997
2026-01-06 22:10:23,3787885,1859642,141,2000
2026-01-06 22:10:25,3789920,1857424,140,1997
2026-01-06 22:10:27,3791955,1857380,140,1997
2026-01-06 22:10:29,3793990,1857416,140,1997
2026-01-06 22:10:31,3796024,1856424,140,1996
2026-01-06 22:10:33,3798059,1856470,141,1997
2026-01-06 22:10:35,3800094,1857430,140,1997
2026-01-06 22:10:37,3802129,1857620,140,1997
2026-01-06 22:10:39,3804165,1857493,141,1998
2026-01-06 22:10:41,3806201,1858521,140,1998
2026-01-06 22:10:43,3808236,1857388,140,1997
2026-01-06 22:10:45,3810271,1857518,140,1997
2026-01-06 22:10:47,3812305,1856462,140,1996
2026-01-06 22:10:49,3814341,1857463,141,1998
2026-01-06 22:10:51,3816375,1856678,140,1996
2026-01-06 22:10:53,3818409,1856648,140,1996
2026-01-06 22:10:55,3820445,1858636,140,1998
2026-01-06 22:10:57,3822480,1857481,140,1997
2026-01-06 22:11:00,3824515,1857458,140,1997
2026-01-06 22:11:02,3826550,1856480,141,1997
2026-01-06 22:11:04,3828585,1857389,140,1997
2026-01-06 22:11:06,3830621,1856480,142,1998
2026-01-06 22:11:08,3832654,1855723,140,1995
2026-01-06 22:11:10,3834688,1856632,140,1996
2026-01-06 22:11:12,3836725,1858613,141,1999
2026-01-06 22:11:14,3838760,1857536,140,1997
2026-01-06 22:11:16,3840796,1857486,141,1998
2026-01-06 22:11:18,3842833,1858457,141,1999
2026-01-06 22:11:20,3844867,1856477,140,1996
2026-01-06 22:11:22,3846902,1856489,141,1997
2026-01-06 22:11:24,3848937,1856831,141,1997
2026-01-06 22:11:26,3850972,1857687,140,1997
2026-01-06 22:11:28,3853011,1859730,142,2001
2026-01-06 22:11:30,3855046,1857574,140,1997
2026-01-06 22:11:32,3857080,1856424,140,1996
2026-01-06 22:11:34,3859115,1857411,140,1997
2026-01-06 22:11:36,3861150,1857412,140,1997
2026-01-06 22:11:38,3863184,1856509,140,1996
2026-01-06 22:11:40,3865218,1856363,140,1996
2026-01-06 22:11:42,3867253,1857625,140,1997
2026-01-06 22:11:44,3869288,1856625,141,1997
2026-01-06 22:11:46,3871323,1857477,140,1997
2026-01-06 22:11:48,3873357,1856416,140,1996
2026-01-06 22:11:50,3875393,1857478,141,1998
2026-01-06 22:11:52,3877427,1856465,140,1996
2026-01-06 22:11:54,3879461,1856491,140,1996
2026-01-06 22:11:57,3881496,1857312,140,1997
2026-01-06 22:11:59,3883531,1856751,141,1997
2026-01-06 22:12:01,3885567,1857613,141,1998
2026-01-06 22:12:03,3887602,1857540,140,1997
2026-01-06 22:12:05,3889637,1856429,141,1997
2026-01-06 22:12:07,3891672,1857457,140,1997
2026-01-06 22:12:09,3893707,1857316,140,1997
2026-01-06 22:12:11,3895742,1857501,140,1997
2026-01-06 22:12:13,3897776,1856176,140,1996
2026-01-06 22:12:15,3899811,1856708,140,1996
2026-01-06 22:12:17,3901846,1857638,140,1997
2026-01-06 22:12:19,3903881,1857566,140,1997
2026-01-06 22:12:21,3905917,1856411,142,1998
2026-01-06 22:12:23,3907952,1857483,140,1997
2026-01-06 22:12:25,3909986,1856427,140,1996
2026-01-06 22:12:27,3912020,1856459,140,1996
2026-01-06 22:12:29,3914054,1856515,140,1996
2026-01-06 22:12:31,3916088,1856654,140,1996
2026-01-06 22:12:33,3918123,1857604,140,1997
2026-01-06 22:12:35,3920158,1857475,140,1997
2026-01-06 22:12:37,3922192,1857396,139,1996
2026-01-06 22:12:39,3924226,1856444,140,1996
2026-01-06 22:12:41,3926261,1857443,140,1997
2026-01-06 22:12:43,3928295,1856431,140,1996
2026-01-06 22:12:45,3930329,1856647,140,1996
2026-01-06 22:12:47,3932363,1856599,140,1996
2026-01-06 22:12:49,3934397,1855460,141,1996
2026-01-06 22:12:51,3936433,1858375,140,1998
2026-01-06 22:12:53,3938469,1857427,141,1998
2026-01-06 22:12:56,3940505,1858469,140,1998
2026-01-06 22:12:58,3942539,1856423,140,1996
2026-01-06 22:13:00,3944573,1856472,140,1996
2026-01-06 22:13:02,3946609,1858589,140,1998
2026-01-06 22:13:04,3948643,1856615,140,1996
2026-01-06 22:13:06,3950678,1857518,140,1997
2026-01-06 22:13:08,3952714,1857490,140,1997
2026-01-06 22:13:10,3954750,1857442,141,1998
2026-01-06 22:13:12,3956784,1856266,140,1996
2026-01-06 22:13:14,3958820,1856392,142,1998
2026-01-06 22:13:16,3960854,1855668,141,1996
2026-01-06 22:13:18,3962888,1856654,140,1996
2026-01-06 22:13:20,3964923,1857609,140,1997
2026-01-06 22:13:22,3966957,1856536,140,1996
2026-01-06 22:13:24,3968993,1856457,142,1998
2026-01-06 22:13:26,3971028,1857454,140,1997
2026-01-06 22:13:28,3973065,1856451,143,1999
2026-01-06 22:13:30,3975098,1856272,140,1996
2026-01-06 22:13:32,3977133,1857471,140,1997
2026-01-06 22:13:34,3979167,1856736,140,1996
2026-01-06 22:13:36,3981202,1857688,140,1997
2026-01-06 22:13:38,3983239,1858463,141,1999
2026-01-06 22:13:40,3985274,1856434,141,1997
2026-01-06 22:13:42,3987309,1857468,140,1997
2026-01-06 22:13:44,3989343,1856452,140,1996
2026-01-06 22:13:46,3991377,1856425,140,1996
2026-01-06 22:13:48,3993411,1856603,140,1996
2026-01-06 22:13:50,3995449,1859784,141,2000
2026-01-06 22:13:52,3997484,1857637,140,1997
2026-01-06 22:13:55,3999519,1857456,140,1997
2026-01-06 22:13:57,4001555,1856448,142,1998
2026-01-06 22:13:59,4003590,1857442,140,1997
2026-01-06 22:14:01,4005623,1855448,140,1995
2026-01-06 22:14:03,4007657,1856407,140,1996
2026-01-06 22:14:05,4009691,1856580,140,1996
2026-01-06 22:14:07,4011725,1856603,140,1996
2026-01-06 22:14:09,4013760,1857680,140,1997
2026-01-06 22:14:11,4015796,1858472,140,1998
2026-01-06 22:14:13,4017833,1857472,142,1999
2026-01-06 22:14:15,4019868,1857453,140,1997
2026-01-06 22:14:17,4021903,1857492,140,1997
2026-01-06 22:14:19,4023937,1856437,140,1996
2026-01-06 22:14:21,4025973,1858597,140,1998
2026-01-06 22:14:23,4028008,1857646,140,1997
2026-01-06 22:14:25,4030042,1856648,140,1996
2026-01-06 22:14:27,4032078,1857407,141,1998
2026-01-06 22:14:29,4034113,1856450,141,1997
2026-01-06 22:14:31,4036149,1858384,140,1998
2026-01-06 22:14:33,4038185,1858494,140,1998
2026-01-06 22:14:35,4040220,1857416,140,1997
2026-01-06 22:14:37,4042254,1856621,140,1996
2026-01-06 22:14:39,4044289,1856596,140,1996
2026-01-06 22:14:41,4046323,1856635,140,1996
2026-01-06 22:14:43,4048358,1857516,140,1997
2026-01-06 22:14:45,4050394,1857445,141,1998
2026-01-06 22:14:47,4052428,1856391,140,1996
2026-01-06 22:14:49,4054463,1857432,140,1997
2026-01-06 22:14:52,4056499,1858454,140,1998
2026-01-06 22:14:54,4058533,1856615,140,1996
2026-01-06 22:14:56,4060569,1857654,141,1998
2026-01-06 22:14:58,4062603,1857626,139,1996
2026-01-06 22:15:00,4064637,1856465,140,1996
2026-01-06 22:15:02,4066672,1857485,140,1997
2026-01-06 22:15:04,4068706,1856452,140,1996
2026-01-06 22:15:06,4070741,1857447,140,1997
2026-01-06 22:15:08,4072775,1856409,140,1996
2026-01-06 22:15:10,4074810,1857491,140,1997
2026-01-06 22:15:12,4076847,1857641,142,1999
2026-01-06 22:15:14,4078882,1857617,140,1997
2026-01-06 22:15:16,4080919,1858416,141,1999
2026-01-06 22:15:18,4082953,1857459,139,1996
2026-01-06 22:15:20,4084987,1856411,140,1996
2026-01-06 22:15:22,4087021,1856502,140,1996
2026-01-06 22:15:24,4089055,1856436,140,1996
2026-01-06 22:15:26,4091090,1857649,140,1997
2026-01-06 22:15:28,4093124,1856599,140,1996
2026-01-06 22:15:30,4095159,1857517,140,1997
2026-01-06 22:15:32,4097193,1856435,139,1995
2026-01-06 22:15:34,4099231,1859428,141,2000
2026-01-06 22:15:36,4101265,1856434,140,1996
2026-01-06 22:15:38,4103300,1856451,141,1997
2026-01-06 22:15:40,4105334,1856796,140,1996
2026-01-06 22:15:42,4107368,1856518,140,1996
2026-01-06 22:15:44,4109403,1857635,140,1997
2026-01-06 22:15:46,4111438,1857563,140,1997
2026-01-06 22:15:48,4113473,1856387,141,1997
2026-01-06 22:15:51,4115508,1857439,140,1997
2026-01-06 22:15:53,4117542,1856436,140,1996
2026-01-06 22:15:55,4119575,1856471,139,1995
2026-01-06 22:15:57,4121609,1856443,140,1996
2026-01-06 22:15:59,4123643,1856637,140,1996
2026-01-06 22:16:01,4125678,1857599,140,1997
2026-01-06 22:16:03,4127712,1856480,140,1996
2026-01-06 22:16:05,4129747,1857436,140,1997
2026-01-06 22:16:07,4131781,1856428,140,1996
2026-01-06 22:16:09,4133815,1856435,140,1996
2026-01-06 22:16:11,4135849,1856487,140,1996
2026-01-06 22:16:13,4137883,1856591,140,1996
2026-01-06 22:16:15,4139919,1857689,140,1997
2026-01-06 22:16:17,4141954,1857654,140,1997
2026-01-06 22:16:19,4143988,1856475,140,1996
2026-01-06 22:16:21,4146022,1856444,140,1996
2026-01-06 22:16:23,4148056,1855444,141,1996
2026-01-06 22:16:25,4150092,1858400,140,1998
2026-01-06 22:16:27,4152127,1857210,140,1997
2026-01-06 22:16:29,4154162,1857627,140,1997
2026-01-06 22:16:31,4156196,1856616,140,1996
2026-01-06 22:16:33,4158231,1857486,140,1997
2026-01-06 22:16:35,4160267,1856451,142,1998
2026-01-06 22:16:37,4162305,1859439,141,2000
2026-01-06 22:16:39,4164339,1856471,140,1996
2026-01-06 22:16:41,4166373,1856423,140,1996
2026-01-06 22:16:43,4168407,1856147,140,1996
2026-01-06 22:16:45,4170443,1858623,140,1998
2026-01-06 22:16:48,4172478,1857674,140,1997
2026-01-06 22:16:50,4174512,1856464,140,1996
2026-01-06 22:16:52,4176548,1856355,142,1998
2026-01-06 22:16:54,4178585,1858343,141,1999
2026-01-06 22:16:56,4180620,1857416,140,1997
2026-01-06 22:16:58,4182656,1856424,142,1998
2026-01-06 22:17:00,4184689,1855579,140,1995
2026-01-06 22:17:02,4186723,1856644,140,1996
2026-01-06 22:17:04,4188757,1856635,140,1996
2026-01-06 22:17:06,4190792,1857522,140,1997
2026-01-06 22:17:08,4192827,1856477,141,1997
2026-01-06 22:17:10,4194862,1857493,140,1997
2026-01-06 22:17:12,4196895,1855435,140,1995
2026-01-06 22:17:14,4198928,1855468,140,1995
2026-01-06 22:17:16,4200961,1856043,139,1995
2026-01-06 22:17:18,4202998,1857533,142,1999
2026-01-06 22:17:20,4205033,1857668,140,1997
2026-01-06 22:17:22,4207068,1857451,140,1997
2026-01-06 22:17:24,4209103,1857426,140,1997
2026-01-06 22:17:26,4211138,1857410,140,1997
2026-01-06 22:17:28,4213173,1857471,139,1996
2026-01-06 22:17:30,4215206,1856296,140,1996
2026-01-06 22:17:32,4217240,1856680,140,1996
2026-01-06 22:17:34,4219274,1856589,140,1996
2026-01-06 22:17:36,4221309,1857567,140,1997
2026-01-06 22:17:38,4223344,1856443,141,1997
2026-01-06 22:17:40,4225379,1855500,142,1997
2026-01-06 22:17:42,4227414,1856400,141,1997
2026-01-06 22:17:44,4229448,1856390,140,1996
2026-01-06 22:17:47,4231482,1856386,140,1996
2026-01-06 22:17:49,4233515,1855671,140,1995
2026-01-06 22:17:51,4235550,1857453,140,1997
2026-01-06 22:17:53,4237585,1857437,140,1997
2026-01-06 22:17:55,4239621,1857436,141,1998
2026-01-06 22:17:57,4241657,1858428,140,1998
2026-01-06 22:17:59,4243691,1856454,140,1996
2026-01-06 22:18:01,4245725,1856472,140,1996
2026-01-06 22:18:03,4247759,1856590,140,1996
2026-01-06 22:18:05,4249793,1856675,140,1996
2026-01-06 22:18:07,4251827,1855638,141,1996
2026-01-06 22:18:09,4253861,1856468,140,1996
2026-01-06 22:18:11,4255896,1857468,140,1997
2026-01-06 22:18:13,4257930,1856408,140,1996
2026-01-06 22:18:15,4259965,1856461,141,1997
2026-01-06 22:18:17,4261998,1855828,140,1995
2026-01-06 22:18:19,4264032,1856624,140,1996
2026-01-06 22:18:21,4266066,1856528,140,1996
2026-01-06 22:18:23,4268100,1856469,140,1996
2026-01-06 22:18:25,4270135,1856468,141,1997
2026-01-06 22:18:27,4272170,1857455,140,1997
2026-01-06 22:18:29,4274204,1856447,140,1996
2026-01-06 22:18:31,4276241,1858463,141,1999
2026-01-06 22:18:33,4278275,1856530,140,1996
2026-01-06 22:18:35,4280310,1856610,140,1996
2026-01-06 22:18:37,4282345,1857528,140,1997
2026-01-06 22:18:39,4284380,1857440,140,1997
2026-01-06 22:18:41,4286413,1856423,139,1995
2026-01-06 22:18:43,4288447,1856443,140,1996
2026-01-06 22:18:46,4290481,1856415,140,1996
2026-01-06 22:18:48,4292515,1856400,140,1996
2026-01-06 22:18:50,4294549,1856629,140,1996
2026-01-06 22:18:52,4296584,1856649,141,1997
2026-01-06 22:18:54,4298621,1859538,140,1999
2026-01-06 22:18:56,4300656,1857465,140,1997
2026-01-06 22:18:58,4302691,1857404,140,1997
2026-01-06 22:19:00,4304725,1856427,140,1996
2026-01-06 22:19:02,4306760,1856446,141,1997
2026-01-06 22:19:04,4308793,1856288,140,1996
2026-01-06 22:19:06,4310827,1856654,140,1996
2026-01-06 22:19:08,4312862,1857654,140,1997
2026-01-06 22:19:10,4314897,1857529,140,1997
2026-01-06 22:19:12,4316932,1856382,141,1997
2026-01-06 22:19:14,4318967,1857447,140,1997
2026-01-06 22:19:16,4321003,1858378,140,1998
2026-01-06 22:19:18,4323038,1857436,140,1997
2026-01-06 22:19:20,4325075,1858550,141,1999
2026-01-06 22:19:22,4327109,1856624,140,1996
2026-01-06 22:19:24,4329143,1856650,140,1996
2026-01-06 22:19:26,4331179,1858475,140,1998
2026-01-06 22:19:28,4333215,1857395,140,1997
2026-01-06 22:19:30,4335251,1857479,141,1998
2026-01-06 22:19:32,4337285,1856426,140,1996
2026-01-06 22:19:34,4339321,1856434,142,1998
2026-01-06 22:19:36,4341355,1856634,140,1996
2026-01-06 22:19:38,4343389,1856676,140,1996
2026-01-06 22:19:40,4345423,1856633,140,1996
2026-01-06 22:19:42,4347457,1856516,140,1996
2026-01-06 22:19:45,4349492,1856429,141,1997
2026-01-06 22:19:47,4351527,1857407,140,1997
2026-01-06 22:19:49,4353561,1856435,140,1996
2026-01-06 22:19:51,4355595,1856443,140,1996
2026-01-06 22:19:53,4357628,1856493,139,1995
2026-01-06 22:19:55,4359663,1856498,141,1997
2026-01-06 22:19:57,4361698,1857396,140,1997
2026-01-06 22:19:59,4363732,1856380,140,1996
2026-01-06 22:20:01,4365767,1857410,140,1997
2026-01-06 22:20:03,4367801,1856454,140,1996
2026-01-06 22:20:05,4369835,1856430,140,1996
2026-01-06 22:20:07,4371869,1856442,140,1996
2026-01-06 22:20:09,4373906,1858660,141,1999
2026-01-06 22:20:11,4375940,1856638,140,1996
2026-01-06 22:20:13,4377974,1856543,140,1996
2026-01-06 22:20:15,4380008,1856480,139,1995
2026-01-06 22:20:17,4382045,1858426,141,1999
2026-01-06 22:20:19,4384079,1856415,140,1996
2026-01-06 22:20:21,4386113,1856446,140,1996
2026-01-06 22:20:23,4388147,1856414,140,1996
2026-01-06 22:20:25,4390180,1856667,139,1995
2026-01-06 22:20:27,4392215,1857652,140,1997
2026-01-06 22:20:29,4394250,1857408,140,1997
2026-01-06 22:20:31,4396286,1857436,141,1998
2026-01-06 22:20:33,4398321,1857413,140,1997
2026-01-06 22:20:35,4400357,1858446,140,1998
2026-01-06 22:20:37,4402391,1856458,140,1996
2026-01-06 22:20:39,4404425,1856555,140,1996
2026-01-06 22:20:41,4406461,1857655,141,1998
2026-01-06 22:20:44,4408496,1857681,140,1997
2026-01-06 22:20:46,4410531,1857407,140,1997
2026-01-06 22:20:48,4412564,1856460,139,1995
2026-01-06 22:20:50,4414598,1856424,140,1996
2026-01-06 22:20:52,4416632,1856443,140,1996
2026-01-06 22:20:54,4418666,1856471,140,1996
2026-01-06 22:20:56,4420701,1856615,141,1997
2026-01-06 22:20:58,4422739,1858743,142,2000
2026-01-06 22:21:00,4424774,1857580,140,1997
2026-01-06 22:21:02,4426809,1857461,140,1997
2026-01-06 22:21:04,4428844,1857472,140,1997
2026-01-06 22:21:06,4430878,1856423,140,1996
2026-01-06 22:21:08,4432912,1856455,140,1996
2026-01-06 22:21:10,4434947,1857389,140,1997
2026-01-06 22:21:12,4436981,1856668,140,1996
2026-01-06 22:21:14,4439019,1858651,142,2000
2026-01-06 22:21:16,4441054,1857371,140,1997
2026-01-06 22:21:18,4443089,1857469,140,1997
2026-01-06 22:21:20,4445123,1856456,140,1996
2026-01-06 22:21:22,4447157,1856395,140,1996
2026-01-06 22:21:24,4449192,1856438,141,1997
2026-01-06 22:21:26,4451227,1858238,140,1998
2026-01-06 22:21:28,4453262,1856602,141,1997
2026-01-06 22:21:30,4455296,1857468,139,1996
2026-01-06 22:21:32,4457331,1857493,140,1997
2026-01-06 22:21:34,4459366,1856415,140,1996
2026-01-06 22:21:36,4461402,1857505,141,1998
2026-01-06 22:21:38,4463436,1856415,140,1996
2026-01-06 22:21:41,4465472,1856469,142,1998
2026-01-06 22:21:43,4467506,1856535,140,1996
2026-01-06 22:21:45,4469540,1856668,140,1996
2026-01-06 22:21:47,4471577,1858587,141,1999
2026-01-06 22:21:49,4473612,1857535,140,1997
2026-01-06 22:21:51,4475647,1857383,140,1997
2026-01-06 22:21:53,4477683,1857439,141,1998
2026-01-06 22:21:55,4479717,1856411,140,1996
2026-01-06 22:21:57,4481753,1856443,142,1998
2026-01-06 22:21:59,4483786,1855655,140,1995
2026-01-06 22:22:01,4485820,1856632,140,1996
2026-01-06 22:22:03,4487855,1857620,140,1997
2026-01-06 22:22:05,4489890,1857524,140,1997
2026-01-06 22:22:07,4491926,1856439,142,1998
2026-01-06 22:22:09,4493961,1857428,140,1997
2026-01-06 22:22:11,4495995,1856403,140,1996
2026-01-06 22:22:13,4498029,1856362,140,1996
2026-01-06 22:22:15,4500063,1856588,140,1996
2026-01-06 22:22:17,4502099,1858632,140,1998
2026-01-06 22:22:19,4504133,1856581,140,1996
2026-01-06 22:22:21,4506167,1856488,140,1996
2026-01-06 22:22:23,4508201,1857399,139,1996
2026-01-06 22:22:25,4510236,1857376,140,1997
2026-01-06 22:22:27,4512270,1856436,140,1996
2026-01-06 22:22:29,4514305,1857464,140,1997
2026-01-06 22:22:31,4516340,1857669,140,1997
2026-01-06 22:22:33,4518376,1857596,141,1998
2026-01-06 22:22:35,4520412,1857606,141,1998
2026-01-06 22:22:37,4522447,1857452,140,1997
2026-01-06 22:22:40,4524481,1857420,139,1996
2026-01-06 22:22:42,4526515,1856464,140,1996
2026-01-06 22:22:44,4528549,1856425,140,1996
2026-01-06 22:22:46,4530583,1856449,140,1996
2026-01-06 22:22:48,4532617,1856639,140,1996
2026-01-06 22:22:50,4534651,1856650,140,1996
2026-01-06 22:22:52,4536686,1857459,140,1997
2026-01-06 22:22:54,4538722,1857442,140,1997
2026-01-06 22:22:56,4540758,1857412,141,1998
2026-01-06 22:22:58,4542792,1856461,140,1996
2026-01-06 22:23:00,4544825,1856414,139,1995
2026-01-06 22:23:02,4546860,1857560,140,1997
2026-01-06 22:23:04,4548895,1856631,140,1996
2026-01-06 22:23:06,4550930,1857646,140,1997
2026-01-06 22:23:08,4552965,1857513,140,1997
2026-01-06 22:23:10,4555001,1856387,142,1998
2026-01-06 22:23:12,4557036,1857419,140,1997
2026-01-06 22:23:14,4559070,1856455,140,1996
2026-01-06 22:23:16,4561103,1855378,140,1995
2026-01-06 22:23:18,4563138,1857553,140,1997
2026-01-06 22:23:20,4565171,1855533,140,1995
2026-01-06 22:23:22,4567206,1857619,140,1997
2026-01-06 22:23:24,4569242,1857470,141,1998
2026-01-06 22:23:26,4571280,1858340,142,2000
2026-01-06 22:23:28,4573315,1857428,140,1997
2026-01-06 22:23:30,4575350,1857411,140,1997
2026-01-06 22:23:32,4577383,1855558,140,1995
2026-01-06 22:23:34,4579417,1856543,140,1996
2026-01-06 22:23:36,4581451,1856650,140,1996
2026-01-06 22:23:39,4583486,1857639,140,1997
2026-01-06 22:23:41,4585520,1856447,140,1996
2026-01-06 22:23:43,4587555,1857436,140,1997
2026-01-06 22:23:45,4589658,1857400,208,2065
2026-01-06 22:23:47,4591762,1858591,207,2065
2026-01-06 22:23:49,4593797,1857415,140,1997
2026-01-06 22:23:51,4595898,1856360,207,2063
2026-01-06 22:23:53,4597933,1856637,141,1997
2026-01-06 22:23:55,4599968,1857501,140,1997
2026-01-06 22:23:57,4602003,1857443,140,1997
2026-01-06 22:23:59,4604039,1857446,141,1998
2026-01-06 22:24:01,4606073,1856406,140,1996
2026-01-06 22:24:03,4608109,1856442,142,1998
2026-01-06 22:24:05,4610143,1856795,140,1996
2026-01-06 22:24:07,4612177,1856654,140,1996
2026-01-06 22:24:09,4614212,1857625,140,1997
2026-01-06 22:24:11,4616247,1857527,140,1997
2026-01-06 22:24:13,4618282,1856455,141,1997
2026-01-06 22:24:15,4620317,1857436,140,1997
2026-01-06 22:24:17,4622352,1857474,140,1997
2026-01-06 22:24:19,4624387,1857404,140,1997
2026-01-06 22:24:21,4626421,1856414,140,1996
2026-01-06 22:24:23,4628456,1856465,141,1997
2026-01-06 22:24:26,4630491,1856599,141,1997
2026-01-06 22:24:28,4632526,1857508,140,1997
2026-01-06 22:24:30,4634561,1856434,141,1997
2026-01-06 22:24:32,4636596,1857435,140,1997
2026-01-06 22:24:34,4638633,1859426,140,1999
2026-01-06 22:24:36,4640668,1857497,140,1997
2026-01-06 22:24:38,4642702,1856249,140,1996
2026-01-06 22:24:40,4644739,1858638,141,1999
2026-01-06 22:24:42,4646774,1857642,140,1997
2026-01-06 22:24:44,4648808,1856522,140,1996
2026-01-06 22:24:46,4650843,1856437,141,1997
2026-01-06 22:24:48,4652878,1857454,140,1997
2026-01-06 22:24:50,4654912,1856422,140,1996
2026-01-06 22:24:52,4656946,1856462,140,1996
2026-01-06 22:24:54,4658980,1856586,140,1996
2026-01-06 22:24:56,4661014,1856654,140,1996
2026-01-06 22:24:58,4663048,1856664,140,1996
2026-01-06 22:25:00,4665081,1855451,140,1995
2026-01-06 22:25:02,4667116,1856418,141,1997
2026-01-06 22:25:04,4669150,1856461,140,1996
2026-01-06 22:25:06,4671185,1856429,141,1997
2026-01-06 22:25:08,4673218,1856143,140,1996
2026-01-06 22:25:10,4675252,1856662,140,1996
2026-01-06 22:25:12,4677287,1857659,140,1997
2026-01-06 22:25:14,4679322,1857403,140,1997
2026-01-06 22:25:16,4681358,1857450,141,1998
2026-01-06 22:25:18,4683392,1856445,140,1996
2026-01-06 22:25:20,4685426,1856373,140,1996
2026-01-06 22:25:23,4687460,1856534,140,1996
2026-01-06 22:25:25,4689495,1857476,140,1997
2026-01-06 22:25:27,4691530,1856459,140,1996
2026-01-06 22:25:29,4693567,1858652,141,1999
2026-01-06 22:25:31,4695602,1857492,140,1997
2026-01-06 22:25:33,4697638,1856438,142,1998
2026-01-06 22:25:35,4699673,1857433,140,1997
2026-01-06 22:25:37,4701707,1856411,140,1996
2026-01-06 22:25:39,4703741,1856463,140,1996
2026-01-06 22:25:41,4705774,1855580,140,1995
2026-01-06 22:25:43,4707808,1856612,140,1996
2026-01-06 22:25:45,4709842,1856636,140,1996
2026-01-06 22:25:47,4711875,1856438,139,1995
2026-01-06 22:25:49,4713910,1857493,140,1997
2026-01-06 22:25:51,4715945,1857432,140,1997
2026-01-06 22:25:53,4717979,1856463,140,1996
2026-01-06 22:25:55,4720013,1856435,140,1996
2026-01-06 22:25:57,4722047,1856636,140,1996
2026-01-06 22:25:59,4724081,1856651,140,1996
2026-01-06 22:26:01,4726116,1857524,140,1997
2026-01-06 22:26:03,4728151,1856447,141,1997
2026-01-06 22:26:05,4730186,1857418,140,1997
2026-01-06 22:26:07,4732218,1854468,140,1994
2026-01-06 22:26:09,4734249,1853456,140,1993
2026-01-06 22:26:11,4736283,1856647,140,1996
2026-01-06 22:26:13,4738317,1856639,140,1996
2026-01-06 22:26:15,4740351,1855502,141,1996
2026-01-06 22:26:17,4742388,1858459,141,1999
2026-01-06 22:26:19,4744423,1856443,141,1997
2026-01-06 22:26:22,4746458,1857476,140,1997
2026-01-06 22:26:24,4748493,1856412,141,1997
2026-01-06 22:26:26,4750527,1856738,140,1996
2026-01-06 22:26:28,4752561,1856659,140,1996
2026-01-06 22:26:30,4754596,1857668,140,1997
2026-01-06 22:26:32,4756630,1856500,140,1996
2026-01-06 22:26:34,4758666,1857487,141,1998
2026-01-06 22:26:36,4760701,1857449,140,1997
2026-01-06 22:26:38,4762735,1856458,140,1996
2026-01-06 22:26:40,4764768,1855418,140,1995
2026-01-06 22:26:42,4766802,1856596,140,1996
2026-01-06 22:26:44,4768838,1857627,141,1998
2026-01-06 22:26:46,4770873,1857603,140,1997
2026-01-06 22:26:48,4772907,1856446,140,1996
2026-01-06 22:26:50,4774941,1857428,139,1996
2026-01-06 22:26:52,4776975,1856513,140,1996
2026-01-06 22:26:54,4779009,1856441,140,1996
2026-01-06 22:26:56,4781044,1857451,140,1997
2026-01-06 22:26:58,4783077,1855656,140,1995
2026-01-06 22:27:00,4785109,1854627,140,1994
2026-01-06 22:27:02,4787143,1856563,140,1996
2026-01-06 22:27:04,4789178,1856436,141,1997
2026-01-06 22:27:06,4791215,1858398,141,1999
2026-01-06 22:27:08,4793249,1856433,140,1996
2026-01-06 22:27:10,4795283,1856418,140,1996
2026-01-06 22:27:12,4797317,1856544,140,1996
2026-01-06 22:27:14,4799349,1854681,140,1994
2026-01-06 22:27:16,4801384,1857621,140,1997
2026-01-06 22:27:18,4803418,1856454,140,1996
2026-01-06 22:27:21,4805452,1856477,140,1996
2026-01-06 22:27:23,4807486,1856454,140,1996
2026-01-06 22:27:25,4809521,1856433,141,1997
2026-01-06 22:27:27,4811554,1855998,140,1995
2026-01-06 22:27:29,4813588,1856467,140,1996
2026-01-06 22:27:31,4815623,1857655,140,1997
2026-01-06 22:27:33,4817658,1857526,140,1997
2026-01-06 22:27:35,4819693,1856463,141,1997
2026-01-06 22:27:37,4821728,1857437,140,1997
2026-01-06 22:27:39,4823761,1855416,140,1995
2026-01-06 22:27:41,4825796,1857447,140,1997
2026-01-06 22:27:43,4827830,1856561,140,1996
2026-01-06 22:27:45,4829867,1858660,140,1998
2026-01-06 22:27:47,4831902,1857590,140,1997
2026-01-06 22:27:49,4833937,1857520,140,1997
2026-01-06 22:27:51,4835972,1856436,141,1997
2026-01-06 22:27:53,4838007,1857485,140,1997
2026-01-06 22:27:55,4840044,1858417,141,1999
2026-01-06 22:27:57,4842078,1856369,140,1996
2026-01-06 22:27:59,4844112,1856603,140,1996
2026-01-06 22:28:01,4846147,1856654,140,1996
2026-01-06 22:28:03,4848182,1857601,140,1997
2026-01-06 22:28:05,4850216,1856452,140,1996
2026-01-06 22:28:07,4852249,1856346,139,1995
2026-01-06 22:28:09,4854283,1856365,140,1996
2026-01-06 22:28:11,4856316,1855476,140,1995
2026-01-06 22:28:13,4858350,1856473,140,1996
2026-01-06 22:28:15,4860385,1857682,140,1997
2026-01-06 22:28:17,4862421,1858620,140,1998
2026-01-06 22:28:20,4864456,1857382,140,1997
2026-01-06 22:28:22,4866491,1857448,140,1997
2026-01-06 22:28:24,4868527,1857489,141,1998
2026-01-06 22:28:26,4870563,1858416,140,1998
2026-01-06 22:28:28,4872597,1856493,140,1996
2026-01-06 22:28:30,4874631,1856436,140,1996
2026-01-06 22:28:32,4876665,1856680,140,1996
2026-01-06 22:28:34,4878700,1856655,141,1997
2026-01-06 22:28:36,4880735,1857421,140,1997
2026-01-06 22:28:38,4882770,1856470,141,1997
2026-01-06 22:28:40,4884807,1858455,141,1999
2026-01-06 22:28:42,4886841,1856425,140,1996
2026-01-06 22:28:44,4888878,1858492,141,1999
2026-01-06 22:28:46,4890912,1856398,140,1996
2026-01-06 22:28:48,4892946,1856637,140,1996
2026-01-06 22:28:50,4894980,1856660,140,1996
2026-01-06 22:28:52,4897015,1857465,140,1997
2026-01-06 22:28:54,4899050,1856403,141,1997
2026-01-06 22:28:56,4901085,1857390,140,1997
2026-01-06 22:28:58,4903119,1856456,140,1996
2026-01-06 22:29:00,4905153,1856446,140,1996
2026-01-06 22:29:02,4907187,1856575,140,1996
2026-01-06 22:29:04,4909222,1856652,141,1997
2026-01-06 22:29:06,4911256,1856623,140,1996
2026-01-06 22:29:08,4913291,1857443,140,1997
2026-01-06 22:29:10,4915325,1857487,139,1996
2026-01-06 22:29:12,4917359,1856412,140,1996
2026-01-06 22:29:14,4919393,1856435,140,1996
2026-01-06 22:29:16,4921428,1857436,140,1997
2026-01-06 22:29:19,4923462,1856517,140,1996
2026-01-06 22:29:21,4925496,1856676,140,1996
2026-01-06 22:29:23,4927531,1857539,140,1997
2026-01-06 22:29:25,4929566,1856439,141,1997
2026-01-06 22:29:27,4931602,1857464,141,1998
2026-01-06 22:29:29,4933636,1856414,140,1996
2026-01-06 22:29:31,4935672,1856464,142,1998
2026-01-06 22:29:33,4937706,1858126,139,1997
2026-01-06 22:29:35,4939741,1857638,140,1997
2026-01-06 22:29:37,4941775,1856667,140,1996
2026-01-06 22:29:39,4943810,1857546,140,1997
2026-01-06 22:29:41,4945845,1856464,141,1997
2026-01-06 22:29:43,4947880,1857488,140,1997
2026-01-06 22:29:45,4949914,1856417,140,1996
2026-01-06 22:29:47,4951948,1856408,140,1996
2026-01-06 22:29:49,4953982,1856546,140,1996
2026-01-06 22:29:51,4956017,1856648,140,1996
2026-01-06 22:29:53,4958052,1857667,140,1997
2026-01-06 22:29:55,4960087,1857437,140,1997
2026-01-06 22:29:57,4962120,1856393,139,1995
2026-01-06 22:29:59,4964155,1857465,140,1997
2026-01-06 22:30:01,4966189,1856424,140,1996
2026-01-06 22:30:03,4968223,1856426,140,1996
2026-01-06 22:30:05,4970257,1856636,140,1996
2026-01-06 22:30:07,4972291,1856647,140,1996
2026-01-06 22:30:09,4974327,1858475,140,1998
2026-01-06 22:30:11,4976360,1856450,139,1995
2026-01-06 22:30:13,4978396,1857415,141,1998
2026-01-06 22:30:15,4980430,1856428,140,1996
2026-01-06 22:30:18,4982466,1857432,141,1998
2026-01-06 22:30:20,4984500,1856376,140,1996
2026-01-06 22:30:22,4986536,1857668,141,1998
2026-01-06 22:30:24,4988570,1856586,140,1996
2026-01-06 22:30:26,4990605,1857456,140,1997
2026-01-06 22:30:28,4992641,1858484,140,1998
2026-01-06 22:30:30,4994677,1857430,141,1998
2026-01-06 22:30:32,4996711,1856464,140,1996
2026-01-06 22:30:34,4998747,1856412,142,1998
2026-01-06 22:30:36,5000783,1858565,140,1998
2026-01-06 22:30:38,5002817,1856676,140,1996
2026-01-06 22:30:40,5004851,1856651,140,1996
2026-01-06 22:30:42,5006886,1857546,140,1997
2026-01-06 22:30:44,5008921,1856450,141,1997
2026-01-06 22:30:46,5010958,1858468,141,1999
2026-01-06 22:30:48,5012992,1856438,140,1996
2026-01-06 22:30:50,5015028,1856524,142,1998
2026-01-06 22:30:52,5017062,1856624,140,1996
2026-01-06 22:30:54,5019096,1856628,140,1996
2026-01-06 22:30:56,5021131,1857646,140,1997
2026-01-06 22:30:58,5023165,1856480,140,1996
2026-01-06 22:31:00,5025201,1856462,142,1998
2026-01-06 22:31:02,5027236,1857445,140,1997
2026-01-06 22:31:04,5029271,1857401,140,1997
2026-01-06 22:31:06,5031305,1856443,140,1996
2026-01-06 22:31:08,5033339,1856618,140,1996
2026-01-06 22:31:10,5035376,1858792,141,1999
2026-01-06 22:31:12,5037411,1857578,140,1997
2026-01-06 22:31:15,5039446,1857490,140,1997
2026-01-06 22:31:17,5041482,1857439,141,1998
2026-01-06 22:31:19,5043517,1857223,140,1997
2026-01-06 22:31:21,5045552,1857514,140,1997
2026-01-06 22:31:23,5047585,1855423,140,1995
2026-01-06 22:31:25,5049621,1857550,141,1998
2026-01-06 22:31:27,5051656,1856636,140,1996
2026-01-06 22:31:29,5053691,1856653,141,1997
2026-01-06 22:31:31,5055726,1857509,140,1997
2026-01-06 22:31:33,5057761,1856414,141,1997
2026-01-06 22:31:35,5059796,1857416,140,1997
2026-01-06 22:31:37,5061828,1854414,140,1994
2026-01-06 22:31:39,5063863,1857431,140,1997
2026-01-06 22:31:41,5065898,1857320,140,1997
2026-01-06 22:31:43,5067932,1856652,140,1996
2026-01-06 22:31:45,5069967,1857654,140,1997
2026-01-06 22:31:47,5072002,1857441,140,1997
2026-01-06 22:31:49,5074037,1857438,140,1997
2026-01-06 22:31:51,5076071,1856470,140,1996
2026-01-06 22:31:53,5078105,1856432,140,1996
2026-01-06 22:31:55,5080140,1857415,140,1997
2026-01-06 22:31:57,5082174,1856510,140,1996
2026-01-06 22:31:59,5084212,1858660,142,2000
2026-01-06 22:32:01,5086247,1857611,140,1997
2026-01-06 22:32:03,5088281,1856439,140,1996
2026-01-06 22:32:05,5090316,1857433,140,1997
2026-01-06 22:32:07,5092350,1856425,140,1996
2026-01-06 22:32:09,5094385,1856476,140,1996
2026-01-06 22:32:11,5096418,1856303,140,1996
2026-01-06 22:32:14,5098452,1856635,140,1996
2026-01-06 22:32:16,5100486,1856638,140,1996
2026-01-06 22:32:18,5102522,1858490,140,1998
2026-01-06 22:32:20,5104557,1856539,141,1997
2026-01-06 22:32:22,5106592,1857399,140,1997
2026-01-06 22:32:24,5108626,1856421,140,1996
2026-01-06 22:32:26,5110661,1857408,140,1997
2026-01-06 22:32:28,5112695,1856556,140,1996
2026-01-06 22:32:30,5114730,1856625,140,1996
2026-01-06 22:32:32,5116764,1856593,140,1996
2026-01-06 22:32:34,5118799,1857300,140,1997
2026-01-06 22:32:36,5120832,1856426,139,1995
2026-01-06 22:32:38,5122867,1857432,140,1997
2026-01-06 22:32:40,5124901,1856411,140,1996
2026-01-06 22:32:42,5126935,1856478,140,1996
2026-01-06 22:32:44,5128969,1856603,140,1996
2026-01-06 22:32:46,5131003,1856625,140,1996
2026-01-06 22:32:48,5133039,1857552,141,1998
2026-01-06 22:32:50,5135073,1856435,140,1996
2026-01-06 22:32:52,5137109,1857415,141,1998
2026-01-06 22:32:54,5139143,1856448,140,1996
2026-01-06 22:32:56,5141179,1857488,141,1998
2026-01-06 22:32:58,5143214,1857599,140,1997
2026-01-06 22:33:00,5145248,1856655,140,1996
2026-01-06 22:33:02,5147283,1857613,140,1997
2026-01-06 22:33:04,5149318,1857459,140,1997
2026-01-06 22:33:06,5151353,1856458,141,1997
2026-01-06 22:33:08,5153390,1858471,141,1999
2026-01-06 22:33:10,5155424,1856458,140,1996
2026-01-06 22:33:13,5157460,1856467,142,1998
2026-01-06 22:33:15,5159493,1855737,140,1995
2026-01-06 22:33:17,5161528,1857683,140,1997
2026-01-06 22:33:19,5163563,1857586,140,1997
2026-01-06 22:33:21,5165597,1857500,139,1996
2026-01-06 22:33:23,5167633,1856462,142,1998
2026-01-06 22:33:25,5169668,1857451,140,1997
2026-01-06 22:33:27,5171702,1856447,140,1996
2026-01-06 22:33:29,5173736,1856478,140,1996
2026-01-06 22:33:31,5175770,1856554,140,1996
2026-01-06 22:33:33,5177805,1856674,140,1996
2026-01-06 22:33:35,5179840,1857590,140,1997
2026-01-06 22:33:37,5181876,1857410,141,1998
2026-01-06 22:33:39,5183911,1856370,141,1997
2026-01-06 22:33:41,5185946,1857439,140,1997
2026-01-06 22:33:43,5187980,1856327,140,1996
2026-01-06 22:33:45,5190014,1856430,140,1996
2026-01-06 22:33:47,5192048,1856464,140,1996
2026-01-06 22:33:49,5194083,1856680,141,1997
2026-01-06 22:33:51,5196118,1857622,140,1997
2026-01-06 22:33:53,5198153,1857457,140,1997
2026-01-06 22:33:55,5200188,1857376,140,1997
2026-01-06 22:33:57,5202222,1856390,140,1996
2026-01-06 22:33:59,5204256,1856422,140,1996
2026-01-06 22:34:01,5206290,1856427,140,1996
2026-01-06 22:34:03,5208324,1856621,140,1996
2026-01-06 22:34:05,5210357,1857632,137,1994
2026-01-06 22:34:07,5212392,1857520,140,1997
2026-01-06 22:34:09,5214428,1856469,142,1998
2026-01-06 22:34:12,5216463,1857418,140,1997
2026-01-06 22:34:14,5218498,1857436,140,1997
